2014-Mar-28_10-10-04,Time Stamp,Battery Volts,Battery Amps,Drive Stick X,Drive Stick Y,Drive Stick Z,Operator Stick X,Operator Stick Y,Front Left Speed,Front Left Out Volts,Front Left Current,Front Left Position,Front Left In Volts,Front Left Temp(C),Front Left Faults,Front Right Speed,Front Right Out Volts,Front Right Current,Front Right Position,Front Right In Volts,Front Right Temp(C),Front Right Faults,Back Left Speed,Back Left Out Volts,Back Left Current,Back Left Position,Back Left In Volts,Back Left Temp(C),Back Left Faults,Back Right Speed,Back Right Out Volts,Back Right Current,Back Right Position,Back Right In Volts,Back Right Temp(C),Back Right Faults,Angle Speed,Angle Out Volts,Angle Current,Angle In Volts,Angle Temp,Angle Foward Limit,Angle Reverse Limit,Angle Faults,Left Launcher Solenoid,Right Launcher Solenoid,Shifter Solenoid,Air Compressor Switch,Ultrasonic Distance(cm),Gyro Angle,Elevation Volts,High Transducer(PSI),Left Talon,Right Talon,Packet Count,Refresh Rate,Match Time,isEnabled,,
2014-Mar-28_10-10-20,10-10-20.4,12.425,1.554,0,0,-0.001,-0.008,-0.008,0,0,0,0,12.34,25.918,0,0,0,0,0,12.305,28.98,0,0,0,0,0,12.34,23.813,0,0,0,0,0,11.602,24.387,0,0,0,0,11.883,28.789,1,1,0,0,0,1,0,207.621,310.148,-0.002,96.608,0,0,1702126404,0.05,10.03,1,T)?d,
2014-Mar-28_10-10-20,10-10-20.5,12.019,12.936,0,0,-0.001,-0.008,-0.008,0,0,0,0,11.988,25.918,0,0,0,0,0,11.988,29.363,0,0,0,0,0,11.988,24.004,0,0,0,0,0,12.164,24.578,0,0,0,0,12.234,27.258,1,1,0,0,0,1,0,204.947,310.781,-0.002,98.778,0,0,1702126405,0.05,10.123,1,/?2,
2014-Mar-28_10-10-20,10-10-20.5,12.019,12.936,0,0,-0.001,-0.008,-0.008,0,0,0,0,11.988,25.918,0,0,0,0,0,11.988,29.363,0,0,0,0,0,11.988,24.004,0,0,0,0,0,12.164,24.578,0,0,0,0,12.234,27.258,1,1,0,0,0,1,0,204.947,310.781,-0.002,98.778,0,0,1702126405,0.05,10.123,1,}n,
2014-Mar-28_10-10-20,10-10-20.6,12.122,12.201,0,0,-0.001,-0.008,-0.008,0,0,0,0,11.953,25.727,0,0,0,0,0,11.988,28.789,0,0,0,0,0,11.988,24.004,0,0,0,0,0,12.164,24.387,0,0,0,0,12.27,28.023,1,1,0,0,0,1,0,194.25,311.305,0.003,95.237,0,0,1702126406,0.05,10.213,1,?[B,
2014-Mar-28_10-10-20,10-10-20.7,12.096,10.366,0,0,-0.001,-0.008,-0.008,0,0,0,0,11.953,26.301,0,0,0,0,0,11.918,28.98,0,0,0,0,0,11.953,23.813,0,0,0,0,0,12.129,24.77,0,0,0,0,12.305,28.406,1,1,0,0,0,1,0,202.273,311.687,-0.002,95.922,0,0,1702126407,0.05,10.304,1,??n3,
2014-Mar-28_10-10-20,10-10-20.7,12.096,10.366,0,0,-0.001,-0.008,-0.008,0,0,0,0,11.953,26.301,0,0,0,0,0,11.918,28.98,0,0,0,0,0,11.953,23.813,0,0,0,0,0,12.129,24.77,0,0,0,0,12.305,28.406,1,1,0,0,0,1,0,202.273,311.687,-0.002,95.922,0,0,1702126407,0.05,10.304,1,?M?,
,,,,,,,,,,,,,,,,,,,,,,,,,,,,,,,,,,,,,,,,,,,,,,,,,,,,,,,,,,,,
2014-Mar-28_10-10-20,10-10-20.8,12.036,11.1,0,0,-0.001,-0.008,-0.008,0,0,0,0,12.023,25.918,0,0,0,0,0,11.953,29.363,0,0,0,0,0,12.023,24.195,0,0,0,0,0,12.129,24.195,0,0,0,0,12.305,27.832,1,1,0,0,0,1,0,194.25,312.331,0.003,101.177,0,0,1702126408,0.05,10.395,1,??r?,
2014-Mar-28_10-10-20,10-10-20.8,12.01,13.303,0,0,-0.001,-0.008,-0.008,0,0,0,0,11.988,26.301,0,0,0,0,0,11.953,29.172,0,0,0,0,0,11.988,24.004,0,0,0,0,0,12.129,24.77,0,0,0,0,12.234,27.641,1,1,0,0,0,1,0,199.598,312.743,0.003,97.179,0,0,1702126409,0.05,10.485,1,?d?,
2014-Mar-28_10-10-20,10-10-20.9,12.079,9.631,0,0,-0.001,0.189,-0.211,0,0,0,0,11.918,26.109,0,0,0,0,0,11.953,28.98,0,0,0,0,0,11.918,24.004,0,0,0,0,0,12.164,24.77,0,0,0,0,12.199,27.641,1,1,0,0,0,1,0,202.273,313.091,-0.002,98.207,0,0,1702126410,0.05,10.575,1,??B?,
2014-Mar-28_10-10-21,10-10-21.0,12.079,9.631,0,0,-0.001,0.189,-0.211,0,0,0,0,11.918,26.109,0,0,0,0,0,11.953,28.98,0,0,0,0,0,11.918,24.004,0,0,0,0,0,12.164,24.77,0,0,0,0,12.199,27.641,1,1,0,0,0,1,0,202.273,313.091,-0.002,98.207,0,0,1702126410,0.05,10.575,1,O#,
2014-Mar-28_10-10-21,10-10-21.0,12.027,10.733,0,0,-0.001,-0.039,-0.109,0,0,0,0,12.023,26.492,0,0,0,0,0,11.883,29.172,0,0,0,0,0,12.023,24.004,0,0,0,0,0,12.023,24.195,0,0,0,0,12.234,27.832,1,1,0,0,0,1,0,202.273,313.619,-0.002,102.32,0,0,1702126411,0.05,10.666,1,??H,
2014-Mar-28_10-10-21,10-10-21.1,11.984,12.201,-0.001,0,-0.001,0,-0.008,0,0,0,0,11.988,25.727,0,0,0,0,0,11.883,29.363,0,0,0,0,0,11.988,24.195,0,0,0,0,0,12.023,25.152,0,0,0,0,12.234,28.215,1,1,0,0,0,1,0,202.273,314.035,0.003,97.979,0,0,1702126412,0.05,10.757,1,?7Nc,
2014-Mar-28_10-10-21,10-10-21.2,11.984,12.201,-0.001,0,-0.001,0,-0.008,0,0,0,0,11.988,25.727,0,0,0,0,0,11.883,29.363,0,0,0,0,0,11.988,24.195,0,0,0,0,0,12.023,25.152,0,0,0,0,12.234,28.215,1,1,0,0,0,1,0,202.273,314.035,0.003,97.979,0,0,1702126412,0.05,10.757,1,5?Y,
2014-Mar-28_10-10-21,10-10-21.2,12.062,11.834,-0.005,0.068,0.002,-0.031,-0.141,0,0,0,0,11.918,25.918,0,0,0,0,0,11.918,29.172,0,0,-0.383,0,0,11.918,23.621,0,0,0,0,0,12.094,24.578,0,0,0,0,12.199,28.023,1,1,0,0,0,1,0,199.598,314.322,0.003,97.75,0,0,1702126413,0.05,10.847,1,Kr?&,
2014-Mar-28_10-10-21,10-10-21.3,11.967,12.201,0,0.895,0.007,0,-0.461,-0.123,-1.461,4.406,0,11.742,25.918,0,0.142,1.645,5.719,0,11.637,29.172,0,-0.142,-1.688,4.801,0.003,11.883,24.195,0,0.144,1.941,4.934,-0.003,11.883,24.77,0,0,0,0,12.164,27.832,1,1,0,0,0,1,0,199.598,314.777,-0.002,103.919,0,0,1702126414,0.05,10.937,1,??z,
2014-Mar-28_10-10-21,10-10-21.3,11.967,12.201,0,0.895,0.007,0,-0.461,-0.123,-1.461,4.406,0,11.742,25.918,0,0.142,1.645,5.719,0,11.637,29.172,0,-0.142,-1.688,4.801,0.003,11.883,24.195,0,0.144,1.941,4.934,-0.003,11.883,24.77,0,0,0,0,12.164,27.832,1,1,0,0,0,1,0,199.598,314.777,-0.002,103.919,0,0,1702126414,0.05,10.937,1,L???,
2014-Mar-28_10-10-21,10-10-21.4,11.846,16.974,-0.009,1,0.017,-0.031,-1,-0.214,-2.508,4.406,0.038,11.777,25.727,0,0.232,2.684,6.113,-0.022,11.566,29.172,0,-0.255,-2.992,4.934,0.047,11.777,24.195,0,0.231,2.734,5.984,-0.044,11.813,24.387,0,0,0,0,12.094,27.449,1,1,0,0,0,1,0,202.273,315.24,0.003,98.321,0,0,1702126415,0.05,11.028,1,,9
2014-Mar-28_10-10-21,10-10-21.5,11.889,15.506,-0.012,1,0.017,-0.008,-1,-0.291,-3.41,4.801,0.119,11.637,26.109,0,0.335,3.84,5.984,-0.122,11.496,28.98,0,-0.335,-3.914,5.852,0.135,11.637,24.195,0,0.331,3.887,5.719,-0.132,11.707,24.387,0,0,0,0,11.918,28.789,1,1,0,0,0,1,0,207.621,315.382,-0.002,98.893,0,0,1702126416,0.05,11.119,1,??H,
2014-Mar-28_10-10-21,10-10-21.5,11.889,15.506,-0.012,1,0.017,-0.008,-1,-0.291,-3.41,4.801,0.119,11.637,26.109,0,0.335,3.84,5.984,-0.122,11.496,28.98,0,-0.335,-3.914,5.852,0.135,11.637,24.195,0,0.331,3.887,5.719,-0.132,11.707,24.387,0,0,0,0,11.918,28.789,1,1,0,0,0,1,0,207.621,315.382,-0.002,98.893,0,0,1702126416,0.05,11.119,1,U?v?,
2014-Mar-28_10-10-21,10-10-21.6,11.716,19.177,-0.012,1,0.032,0.047,-1,-0.391,-4.523,4.934,0.242,11.602,26.109,0,0.415,4.727,6.113,-0.261,11.355,28.598,0,-0.432,-5.004,5.984,0.27,11.637,23.813,0,0.414,4.859,6.246,-0.258,11.672,24.961,0,0,0,0,11.953,27.449,1,1,0,0,0,1,0,223.667,315.704,-0.002,99.806,0,0,1702126417,0.05,11.21,1,???T,
2014-Mar-28_10-10-21,10-10-21.7,11.751,19.911,-0.003,1,0.032,0.071,-1,-0.48,-5.75,5.063,0.427,11.496,25.344,0,0.506,5.746,6.113,-0.459,11.426,28.98,0,-0.506,-5.84,5.59,0.449,11.566,23.621,0,0.521,6.039,6.508,-0.446,11.637,24.77,0,0,0,0,11.813,28.215,1,1,0,0,0,1,0,204.947,315.892,-0.002,96.722,0,0,1702126418,0.05,11.304,1,<3?m,
2014-Mar-28_10-10-21,10-10-21.7,11.751,19.911,-0.003,1,0.032,0.071,-1,-0.48,-5.75,5.063,0.427,11.496,25.344,0,0.506,5.746,6.113,-0.459,11.426,28.98,0,-0.506,-5.84,5.59,0.449,11.566,23.621,0,0.521,6.039,6.508,-0.446,11.637,24.77,0,0,0,0,11.813,28.215,1,1,0,0,0,1,0,204.947,315.892,-0.002,96.722,0,0,1702126418,0.05,11.304,1,Lw?,
2014-Mar-28_10-10-21,10-10-21.8,11.639,24.684,-0.001,1,0.051,0.008,-1,-0.623,-7.168,6.508,0.647,11.531,25.918,0,0.543,6.371,4.406,-0.695,11.32,29.363,0,-0.645,-7.441,6.902,0.673,11.461,24.195,0,0.561,6.449,5.324,-0.666,11.566,24.578,0,0,0,0,11.848,28.215,1,1,0,0,0,1,0,218.318,316.136,0.003,102.777,0,0,1702126419,0.05,11.394,1,??z,
2014-Mar-28_10-10-21,10-10-21.8,11.63,26.153,-0.001,1,0.051,0,-1,-0.724,-8.219,5.457,0.927,11.32,26.109,0,0.643,7.207,6.246,-0.952,11.355,28.98,0,-0.725,-8.262,5.984,0.949,11.355,23.43,0,0.661,7.602,5.984,-0.924,11.461,24.004,0,0,0,0,11.707,27.832,1,1,0,0,0,1,0,223.667,316.49,0.003,99.235,0,0,1702126420,0.05,11.486,1,er?x,
2014-Mar-28_10-10-21,10-10-21.9,11.501,26.52,-0.001,1,0.051,-0.008,-1,-0.803,-9.184,4.801,1.27,11.32,26.301,0,0.743,8.199,5.984,-1.263,11.18,28.98,0,-0.825,-9.398,5.719,1.276,11.391,23.621,0,0.741,8.668,5.852,-1.235,11.391,24.387,0,0,0,0,11.742,28.023,1,1,0,0,0,1,0,223.667,316.706,-0.002,101.063,0,0,1702126421,0.05,11.576,1,?k?G,
2014-Mar-28_10-10-22,10-10-22.0,11.501,26.52,-0.001,1,0.051,-0.008,-1,-0.803,-9.184,4.801,1.27,11.32,26.301,0,0.743,8.199,5.984,-1.263,11.18,28.98,0,-0.825,-9.398,5.719,1.276,11.391,23.621,0,0.741,8.668,5.852,-1.235,11.391,24.387,0,0,0,0,11.742,28.023,1,1,0,0,0,1,0,223.667,316.706,-0.002,101.063,0,0,1702126421,0.05,11.576,1,7>?r,
2014-Mar-28_10-10-22,10-10-22.0,11.483,27.254,0,1,0.037,-0.125,-1,-0.863,-9.773,4.012,1.637,11.215,25.918,0,0.863,9.527,6.902,-1.597,11.039,28.98,0,-0.863,-9.742,4.934,1.637,11.285,23.621,0,0.891,10.078,6.508,-1.565,11.32,24.77,0,0,0,0,11.672,28.406,1,1,0,0,0,1,0,229.015,316.943,0.003,105.976,0,0,1702126422,0.05,11.666,1,"M??	",
2014-Mar-28_10-10-22,10-10-22.1,11.414,32.762,0.012,1,0.037,-0.211,-1,-0.955,-10.715,4.801,2.043,11.215,25.727,0,0.954,10.426,5.719,-2.015,10.934,28.598,0,-0.954,-10.633,4.934,2.027,11.215,23.813,0,1,11.281,6.641,-1.992,11.215,24.77,0,0,0,0,11.426,28.023,1,1,0,0,0,1,0,229.015,317.127,0.003,100.263,0,0,1702126423,0.05,11.757,1,#NAME?,
2014-Mar-28_10-10-22,10-10-22.2,11.414,32.762,0.012,1,0.037,-0.211,-1,-0.955,-10.715,4.801,2.043,11.215,25.727,0,0.954,10.426,5.719,-2.015,10.934,28.598,0,-0.954,-10.633,4.934,2.027,11.215,23.813,0,1,11.281,6.641,-1.992,11.215,24.77,0,0,0,0,11.426,28.023,1,1,0,0,0,1,0,229.015,317.127,0.003,100.263,0,0,1702126423,0.05,11.757,1,?C??,
2014-Mar-28_10-10-22,10-10-22.2,11.371,30.559,-0.001,1,0.037,-0.211,-1,-1,-11.32,3.617,2.502,11.32,25.918,0,1,11.316,4.934,-2.448,11.285,29.172,0,-1,-11.355,4.406,2.451,11.355,23.621,0,1,11.492,4.277,-2.436,11.461,24.77,0,0,0,0,11.566,28.215,1,1,0,0,0,1,0,223.667,317.288,0.008,99.692,0,0,1702126424,0.05,11.847,1,???^,
2014-Mar-28_10-10-22,10-10-22.3,11.371,30.559,-0.001,1,0.037,-0.211,-1,-1,-11.32,3.617,2.502,11.32,25.918,0,1,11.316,4.934,-2.448,11.285,29.172,0,-1,-11.355,4.406,2.451,11.355,23.621,0,1,11.492,4.277,-2.436,11.461,24.77,0,0,0,0,11.566,28.215,1,1,0,0,0,1,0,223.667,317.288,0.008,99.692,0,0,1702126424,0.05,11.847,1,!?~,
2014-Mar-28_10-10-22,10-10-22.3,11.509,26.52,-0.012,1,0.032,-0.172,-1,-1,-11.391,3.094,2.976,11.355,25.918,0,1,11.316,3.883,-2.935,11.355,28.98,0,-1,-11.391,3.75,2.904,11.461,23.813,0,1,11.527,3.617,-2.935,11.566,24.961,0,0,0,0,11.742,28.023,1,1,0,0,0,1,0,223.667,317.178,-0.002,98.893,0,0,1702126425,0.05,11.944,1,Y?,
,,,,,,,,,,,,,,,,,,,,,,,,,,,,,,,,,,,,,,,,,,,,,,,,,,,,,,,,,,,,
2014-Mar-28_10-10-22,10-10-22.4,12.33,0.085,-0.004,0.062,0,-0.125,0.063,0,0,1.125,3.473,12.164,25.727,0,0,0,0,-3.451,11.848,28.789,0,0,0,0,3.372,11.918,23.813,0,0,0,0,-3.397,12.023,24.961,0,0,0,0,12.129,28.215,1,1,0,0,0,1,0,220.993,316.838,-0.002,104.49,0,0,1702126426,0.05,12.035,1,%?,
2014-Mar-28_10-10-22,10-10-22.5,12.33,0.085,-0.004,0.062,0,-0.125,0.063,0,0,1.125,3.473,12.164,25.727,0,0,0,0,-3.451,11.848,28.789,0,0,0,0,3.372,11.918,23.813,0,0,0,0,-3.397,12.023,24.961,0,0,0,0,12.129,28.215,1,1,0,0,0,1,0,220.993,316.838,-0.002,104.49,0,0,1702126426,0.05,12.035,1,?)L,
2014-Mar-28_10-10-22,10-10-22.5,11.881,15.139,0,0,-0.019,-0.023,0,0,0,0,3.567,11.848,26.109,0,0,0,0,-3.564,11.848,29.172,0,0,0,0,3.564,11.813,24.004,0,0,0,0,-3.423,12.023,24.578,0,0,0,0,12.094,28.406,1,1,0,0,0,1,0,220.993,315.6,-0.007,98.664,0,0,1702126427,0.05,12.124,1,YH!?,
2014-Mar-28_10-10-22,10-10-22.6,11.915,11.467,0,0.001,0,0,0,0,0,0,3.573,11.883,26.109,0,0,0,0,-3.57,11.777,29.172,0,0,0,0,3.548,11.848,24.004,0,0,0,0,-3.457,11.988,24.77,0,0,0,0,12.129,27.832,1,1,0,0,0,1,0,220.993,314.69,0.013,108.946,0,0,1702126428,0.05,12.215,1,w?n,
2014-Mar-28_10-10-22,10-10-22.7,11.863,13.67,0,0.001,0,0,0,0,0,0,3.583,11.813,25.918,0,0,0,0,-3.57,11.848,28.98,0,0,0,0,3.529,11.848,23.43,0,0,0,0,-3.47,11.988,24.961,0,0,0,0,12.094,27.832,1,1,0,0,0,1,0,218.318,313.645,-0.002,100.035,0,0,1702126429,0.05,12.305,1,??J?,
2014-Mar-28_10-10-22,10-10-22.7,11.863,13.67,0,0.001,0,0,0,0,0,0,3.583,11.813,25.918,0,0,0,0,-3.57,11.848,28.98,0,0,0,0,3.529,11.848,23.43,0,0,0,0,-3.47,11.988,24.961,0,0,0,0,12.094,27.832,1,1,0,0,0,1,0,218.318,313.645,-0.002,100.035,0,0,1702126429,0.05,12.305,1,??6?,
2014-Mar-28_10-10-25,10-10-25.3,12.347,2.288,0,0.001,0,0,0,0,0,0,3.583,12.234,25.152,0,0,0,0,-3.57,11.672,28.98,0,0,0,0,3.526,11.531,23.813,0,0,0,0,-3.457,11.848,24.387,0,0,0,0,12.059,28.406,1,1,0,0,0,1,0,202.273,297.933,-0.002,101.063,0,0,1702126461,0.05,10.047,1,????,
2014-Mar-28_10-10-25,10-10-25.6,11.967,11.834,0,0.001,0,0,0,0,0,0,3.583,11.918,25.535,0,0,0,0,-3.57,11.883,28.789,0,0,0,0,3.526,11.953,23.621,0,0,0,0,-3.46,12.023,24.578,0,0,0,0,12.234,27.832,1,1,0,0,0,1,0,194.25,300.726,0.003,101.177,0,0,1702126464,0.05,10.317,1,J???,
2014-Mar-28_10-10-25,10-10-25.7,12.01,14.404,0,0.001,0,0,0,0,0,0,3.583,11.918,25.344,0,0,0,0,-3.57,11.918,28.789,0,0,0,0,3.526,11.883,23.813,0,0,0,0,-3.46,12.059,24.195,0,0,0,0,12.129,28.406,1,1,0,0,0,1,0,194.25,301.485,0.003,98.436,0,0,1702126465,0.05,10.407,1,???,
2014-Mar-28_10-10-25,10-10-25.7,12.01,14.404,0,0.001,0,0,0,0,0,0,3.583,11.918,25.344,0,0,0,0,-3.57,11.918,28.789,0,0,0,0,3.526,11.883,23.813,0,0,0,0,-3.46,12.059,24.195,0,0,0,0,12.129,28.406,1,1,0,0,0,1,0,194.25,301.485,0.003,98.436,0,0,1702126465,0.05,10.407,1,?1?p,
2014-Mar-28_10-10-25,10-10-25.8,12.01,8.897,0,0.001,0,0,0,0,0,0,3.583,11.918,25.152,0,0,0,0,-3.57,11.918,29.555,0,0,0,0,3.526,11.918,23.621,0,0,0,0,-3.46,12.094,24.387,0,0,0,0,12.129,27.832,1,1,0,0,0,1,0,194.25,301.982,0.003,101.177,0,0,1702126466,0.05,10.498,1,?#?3,
2014-Mar-28_10-10-25,10-10-25.8,11.976,10.733,0,0.001,0,0,0,0,0,0,3.583,11.918,25.152,0,0,0,0,-3.57,11.848,28.98,0,0,0,0,3.526,11.953,24.004,0,0,0,0,-3.46,12.023,24.195,0,0,0,0,12.164,27.641,1,1,0,0,0,1,0,188.901,302.535,-0.002,107.118,0,0,1702126467,0.05,10.589,1,??P?,
2014-Mar-28_10-10-25,10-10-25.9,11.976,10.733,0,0.001,0,0,0,0,0,0,3.583,11.918,25.152,0,0,0,0,-3.57,11.848,28.98,0,0,0,0,3.526,11.953,24.004,0,0,0,0,-3.46,12.023,24.195,0,0,0,0,12.164,27.641,1,1,0,0,0,1,0,188.901,302.535,-0.002,107.118,0,0,1702126467,0.05,10.589,1,?0=M,
2014-Mar-28_10-10-26,10-10-26.0,11.915,13.303,0,0.001,0,0,0,0,0,0,3.583,11.918,25.535,0,0,0,0,-3.57,11.813,28.789,0,0,0,0,3.526,11.918,23.43,0,0,0,0,-3.46,11.988,24.387,0,0,0,0,12.199,28.023,1,1,0,0,0,1,0,186.227,303.028,0.003,104.833,0,0,1702126468,0.05,10.684,1,T??R,
2014-Mar-28_10-10-26,10-10-26.2,11.967,10.366,0,0.001,0,0,0,0,0,0,3.583,11.918,25.535,0,0,0,0,-3.57,11.848,28.789,0,0,0,0,3.526,11.918,24.004,0,0,0,0,-3.457,12.023,24.578,0,0,0,0,12.129,28.406,1,1,0,0,0,1,0,212.97,304.472,0.003,106.661,0,0,1702126471,0.05,10.957,1,[#!,
2014-Mar-28_10-10-26,10-10-26.3,11.967,10.366,0,0.001,0,0,0,0,0,0,3.583,11.918,25.535,0,0,0,0,-3.57,11.848,28.789,0,0,0,0,3.526,11.918,24.004,0,0,0,0,-3.457,12.023,24.578,0,0,0,0,12.129,28.406,1,1,0,0,0,1,0,212.97,304.472,0.003,106.661,0,0,1702126471,0.05,10.957,1,T?x?,
2014-Mar-28_10-10-26,10-10-26.3,11.898,12.569,0,0.001,0,0,0,0,0,0,3.583,11.883,25.918,0,0,0,0,-3.57,11.848,29.363,0,0,0,0,3.526,11.883,23.813,0,0,0,0,-3.46,12.023,23.813,0,0,0,0,12.129,27.832,1,1,0,0,0,1,0,207.621,304.828,0.003,102.434,0,0,1702126472,0.05,11.047,1,7???,
2014-Mar-28_10-10-26,10-10-26.4,11.984,10.733,0,0.001,0,0,0,0,0,0,3.583,11.848,25.918,0,0,0,0,-3.57,11.918,28.406,0,0,0,0,3.526,11.848,23.621,0,0,0,0,-3.457,12.023,24.004,0,0,0,0,12.129,27.832,1,1,0,0,0,1,0,220.993,305.156,-0.002,102.548,0,0,1702126473,0.05,11.139,1,?k??,
2014-Mar-28_10-10-26,10-10-26.5,11.984,10.733,0,0.001,0,0,0,0,0,0,3.583,11.848,25.918,0,0,0,0,-3.57,11.918,28.406,0,0,0,0,3.526,11.848,23.621,0,0,0,0,-3.457,12.023,24.004,0,0,0,0,12.129,27.832,1,1,0,0,0,1,0,220.993,305.156,-0.002,102.548,0,0,1702126473,0.05,11.139,1,????,
2014-Mar-28_10-10-26,10-10-26.5,11.932,10.733,0,0.001,0,0,0,0,0,0,3.583,11.883,25.727,0,0,0,0,-3.57,11.848,28.98,0,0,0,0,3.526,11.953,24.195,0,0,0,0,-3.457,11.953,24.195,0,0,0,0,12.164,27.641,1,1,0,0,0,1,0,223.667,305.65,-0.002,106.89,0,0,1702126474,0.05,11.229,1,H?|R,
2014-Mar-28_10-10-26,10-10-26.6,11.889,13.67,0,0.001,0,0,0,0,0,0,3.583,11.918,25.535,0,0,0,0,-3.57,11.777,29.172,0,0,0,0,3.526,11.918,24.004,0,0,0,0,-3.457,11.953,24.387,0,0,0,0,12.129,27.832,1,1,0,0,0,1,0,226.341,306.33,0.003,108.032,0,0,1702126475,0.05,11.325,1,???+,
2014-Mar-28_10-10-26,10-10-26.7,11.932,13.303,0,0.001,0,0,0,0,0,0,3.583,11.883,25.152,0,0,0,0,-3.57,11.777,28.98,0,0,0,0,3.529,11.883,23.813,0,0,0,0,-3.457,11.953,24.578,0,0,0,0,12.094,28.598,1,1,0,0,0,1,0,237.038,306.688,-0.002,102.663,0,0,1702126476,0.05,11.415,1,U??,
2014-Mar-28_10-10-26,10-10-26.7,11.932,13.303,0,0.001,0,0,0,0,0,0,3.583,11.883,25.152,0,0,0,0,-3.57,11.777,28.98,0,0,0,0,3.529,11.883,23.813,0,0,0,0,-3.457,11.953,24.578,0,0,0,0,12.094,28.598,1,1,0,0,0,1,0,237.038,306.688,-0.002,102.663,0,0,1702126476,0.05,11.415,1,?@gw,
2014-Mar-28_10-10-26,10-10-26.8,11.967,9.631,0,0.001,0,0,0,0,0,0,3.583,11.813,25.727,0,0,0,0,-3.57,11.813,28.789,0,0,0,0,3.529,11.813,24.004,0,0,0,0,-3.457,12.023,24.578,0,0,0,0,12.199,28.023,1,1,0,0,0,1,0,239.713,306.789,-0.002,107.232,0,0,1702126477,0.05,11.504,1,?q,
,,,,,,,,,,,,,,,,,,,,,,,,,,,,,,,,,,,,,,,,,,,,,,,,,,,,,,,,,,,,
2014-Mar-28_10-10-26,10-10-26.8,11.898,13.67,0,0.001,0,0,0,0,0,0,3.583,11.848,25.344,0,0,0,0,-3.57,11.813,28.789,0,0,0,0,3.529,11.918,23.43,0,0,0,0,-3.457,11.953,24.387,0,0,0,0,12.199,28.215,1,1,0,0,0,1,0,242.387,307.276,-0.002,104.262,0,0,1702126478,0.05,11.596,1,?2,
2014-Mar-28_10-10-26,10-10-26.9,11.898,13.67,0,0.001,0,0,0,0,0,0,3.583,11.848,25.344,0,0,0,0,-3.57,11.813,28.789,0,0,0,0,3.529,11.918,23.43,0,0,0,0,-3.457,11.953,24.387,0,0,0,0,12.199,28.215,1,1,0,0,0,1,0,242.387,307.276,-0.002,104.262,0,0,1702126478,0.05,11.596,1,???',
2014-Mar-28_10-10-27,10-10-27.0,11.95,13.303,0,0.001,0,0,0,0,0,0,3.583,11.813,25.918,0,0,0,0,-3.57,11.848,28.98,0,0,0,0,3.529,11.883,24.004,0,0,0,0,-3.457,12.023,24.195,0,0,0,0,12.129,27.832,1,1,0,0,0,1,0,245.061,307.939,0.008,101.406,0,0,1702126479,0.05,11.686,1,??j&,
2014-Mar-28_10-10-27,10-10-27.0,11.941,10.366,0,0.001,0,0,0,0,0,0,3.583,11.813,25.727,0,0,0,0,-3.57,11.848,29.172,0,0,0,0,3.529,11.883,23.813,0,0,0,0,-3.46,12.023,24.195,0,0,0,0,12.129,28.215,1,1,0,0,0,1,0,242.387,308.567,0.003,109.746,0,0,1702126480,0.05,11.777,1,k>Wv,
2014-Mar-28_10-10-27,10-10-27.1,11.941,10.366,0,0.001,0,0,0,0,0,0,3.583,11.813,25.727,0,0,0,0,-3.57,11.848,29.172,0,0,0,0,3.529,11.883,23.813,0,0,0,0,-3.46,12.023,24.195,0,0,0,0,12.129,28.215,1,1,0,0,0,1,0,242.387,308.567,0.003,109.746,0,0,1702126480,0.05,11.777,1,??7~,
2014-Mar-28_10-10-27,10-10-27.2,11.906,14.404,0,0.001,0,0,0,0,0,0,3.583,11.848,25.152,0,0,0,0,-3.57,11.848,28.98,0,0,0,0,3.529,11.883,24.004,0,0,0,0,-3.46,11.953,24.578,0,0,0,0,12.094,28.023,1,1,0,0,0,1,0,247.735,309.175,0.003,105.404,0,0,1702126481,0.05,11.868,1,?vtm,
2014-Mar-28_10-10-27,10-10-27.2,11.967,9.998,0,0.001,0,0,0,0,0,0,3.583,11.777,26.109,0,0,0,0,-3.57,11.883,29.172,0,0,0,0,3.529,11.848,23.238,0,0,0,0,-3.46,12.023,24.578,0,0,0,0,12.023,27.449,1,1,0,0,0,1,0,266.455,309.765,0.003,105.747,0,0,1702126482,0.05,11.963,1,?V\<,
2014-Mar-28_10-10-27,10-10-27.3,11.967,9.998,0,0.001,0,0,0,0,0,0,3.583,11.777,26.109,0,0,0,0,-3.57,11.883,29.172,0,0,0,0,3.529,11.848,23.238,0,0,0,0,-3.46,12.023,24.578,0,0,0,0,12.023,27.449,1,1,0,0,0,1,0,266.455,309.765,0.003,105.747,0,0,1702126482,0.05,11.963,1,:.?J,
2014-Mar-28_10-10-27,10-10-27.4,11.967,10.733,0,0.001,0,0,0,0,0,0,3.583,11.813,25.727,0,0,0,0,-3.57,11.848,28.598,0,0,0,0,3.529,11.813,24.004,0,0,0,0,-3.46,12.023,24.77,0,0,0,0,12.059,28.406,1,1,0,0,0,1,0,247.735,310.342,0.003,104.605,0,0,1702126483,0.05,12.055,1,-??,
2014-Mar-28_10-10-27,10-10-27.4,11.898,12.569,0,0.001,0,0,0,0,0,0,3.583,11.883,25.918,0,0,0,0,-3.57,11.742,28.789,0,0,0,0,3.529,11.883,24.004,0,0,0,0,-3.457,11.953,24.578,0,0,0,0,12.094,28.215,1,1,0,0,0,1,0,253.084,310.833,0.003,107.461,0,0,1702126484,0.05,12.146,1,??w,
2014-Mar-28_10-10-27,10-10-27.5,11.898,12.569,0,0.001,0,0,0,0,0,0,3.583,11.883,25.918,0,0,0,0,-3.57,11.742,28.789,0,0,0,0,3.529,11.883,24.004,0,0,0,0,-3.457,11.953,24.578,0,0,0,0,12.094,28.215,1,1,0,0,0,1,0,253.084,310.833,0.003,107.461,0,0,1702126484,0.05,12.146,1,??Fk,
2014-Mar-28_10-10-27,10-10-27.5,11.941,13.67,0,0.001,0,0,0,0,0,0,3.583,11.848,26.109,0,0,0,0,-3.57,11.848,28.98,0,0,0,0,3.529,11.883,23.621,0,0,0,0,-3.457,11.988,23.813,0,0,0,0,12.094,28.598,1,1,0,0,0,1,0,253.084,311.438,0.008,102.891,0,0,1702126485,0.05,12.236,1,?B,
?,,,,,,,,,,,,,,,,,,,,,,,,,,,,,,,,,,,,,,,,,,,,,,,,,,,,,,,,,,,,
2014-Mar-28_10-10-27,10-10-27.6,11.932,9.998,0,0.001,0,0,0,0,0,0,3.583,11.848,26.301,0,0,0,0,-3.57,11.848,29.363,0,0,0,0,3.529,11.848,24.004,0,0,0,0,-3.457,11.918,24.578,0,0,0,0,12.164,28.215,1,1,0,0,0,1,0,1333.496,312.04,-0.002,108.946,0,0,1702126486,0.05,12.327,1,Z?iz,
2014-Mar-28_10-10-27,10-10-27.7,11.932,9.998,0,0.001,0,0,0,0,0,0,3.583,11.848,26.301,0,0,0,0,-3.57,11.848,29.363,0,0,0,0,3.529,11.848,24.004,0,0,0,0,-3.457,11.918,24.578,0,0,0,0,12.164,28.215,1,1,0,0,0,1,0,1333.496,312.04,-0.002,108.946,0,0,1702126486,0.05,12.327,1,?Iz,
2014-Mar-28_10-10-27,10-10-27.7,11.872,13.303,0,0.001,0,0,0,0,0,0,3.583,11.848,25.918,0,0,0,0,-3.57,11.813,28.98,0,0,0,0,3.529,11.918,23.43,0,0,0,0,-3.46,11.988,24.387,0,0,0,0,12.129,27.832,1,1,0,0,0,1,0,263.781,312.802,0.003,103.348,0,0,1702126487,0.05,12.426,1,?~?,
2014-Mar-28_10-10-27,10-10-27.8,11.898,11.467,0,0.001,0,0,0,0,0,0,3.583,11.883,25.727,0,0,0,0,-3.57,11.777,28.789,0,0,0,0,3.529,11.883,23.43,0,0,0,0,-3.457,11.988,23.813,0,0,0,0,12.164,28.215,1,1,0,0,0,1,0,255.758,313.477,-0.007,105.519,0,0,1702126488,0.05,12.517,1,"8?""?",
2014-Mar-28_10-10-27,10-10-27.8,11.967,14.771,0,0.001,0,0,0,0,0,0,3.583,11.777,25.727,0,0,0,0,-3.57,11.848,28.98,0,0,0,0,3.529,11.848,23.43,0,0,0,0,-3.457,12.023,24.578,0,0,0,0,12.059,28.789,1,1,0,0,0,1,0,253.084,313.836,-0.002,104.376,0,0,1702126489,0.05,12.607,1,,??
2014-Mar-28_10-10-27,10-10-27.9,11.967,14.771,0,0.001,0,0,0,0,0,0,3.583,11.777,25.727,0,0,0,0,-3.57,11.848,28.98,0,0,0,0,3.529,11.848,23.43,0,0,0,0,-3.457,12.023,24.578,0,0,0,0,12.059,28.789,1,1,0,0,0,1,0,253.084,313.836,-0.002,104.376,0,0,1702126489,0.05,12.607,1,d?\?,
2014-Mar-28_10-10-28,10-10-28.0,11.932,10.733,0,0.001,0,0,0,0,0,0,3.583,11.813,25.727,0,0,0,0,-3.57,11.813,28.789,0,0,0,0,3.529,11.883,24.004,0,0,0,0,-3.457,12.023,24.578,0,0,0,0,12.129,28.215,1,1,0,0,0,1,0,263.781,314.089,0.003,108.718,0,0,1702126490,0.05,12.698,1,"j[?	",
2014-Mar-28_10-10-28,10-10-28.0,11.889,11.467,0,0.001,0,0,0,0,0,0,3.583,11.883,25.535,0,0,0,0,-3.57,11.813,28.789,0,0,0,0,3.529,11.883,23.621,0,0,0,0,-3.457,11.918,24.77,0,0,0,0,12.164,28.023,1,1,0,0,0,1,0,253.084,314.75,0.003,106.204,0,0,1702126491,0.05,12.791,1,g???,
2014-Mar-28_10-10-28,10-10-28.1,11.889,11.467,0,0.001,0,0,0,0,0,0,3.583,11.883,25.535,0,0,0,0,-3.57,11.813,28.789,0,0,0,0,3.529,11.883,23.621,0,0,0,0,-3.457,11.918,24.77,0,0,0,0,12.164,28.023,1,1,0,0,0,1,0,253.084,314.75,0.003,106.204,0,0,1702126491,0.05,12.791,1,G???,
2014-Mar-28_10-10-28,10-10-28.2,11.906,14.771,0,0.001,0,0,0,0,0,0,3.583,11.848,25.152,0,0,0,0,-3.57,11.883,28.98,0,0,0,0,3.529,11.848,23.621,0,0,0,0,-3.457,11.988,24.387,0,0,0,0,12.094,27.832,1,1,0,0,0,1,0,255.758,315.132,0.003,102.891,0,0,1702126492,0.05,12.884,1,0S??,
2014-Mar-28_10-10-28,10-10-28.2,11.967,9.631,0,0.001,0,0,0,0,0,0,3.583,11.777,26.109,0,0,0,0,-3.57,11.848,28.598,0,0,0,0,3.529,11.848,23.238,0,0,0,0,-3.457,12.023,24.578,0,0,0,0,12.094,27.832,1,1,0,0,0,1,0,247.735,314.978,-0.002,104.49,0,0,1702126493,0.05,12.976,1,?#?,
2014-Mar-28_10-10-28,10-10-28.3,11.967,9.631,0,0.001,0,0,0,0,0,0,3.583,11.777,26.109,0,0,0,0,-3.57,11.848,28.598,0,0,0,0,3.529,11.848,23.238,0,0,0,0,-3.457,12.023,24.578,0,0,0,0,12.094,27.832,1,1,0,0,0,1,0,247.735,314.978,-0.002,104.49,0,0,1702126493,0.05,12.976,1,?T?*,
2014-Mar-28_10-10-28,10-10-28.3,11.898,12.201,0,0.001,0,0,0,0,0,0,3.583,11.918,25.727,0,0,0,0,-3.57,11.777,29.172,0,0,0,0,3.529,11.953,23.813,0,0,0,0,-3.457,11.953,24.195,0,0,0,0,12.164,28.215,1,1,0,0,0,1,0,237.038,314.46,-0.002,109.289,0,0,1702126494,0.05,13.068,1,??,
2014-Mar-28_10-10-28,10-10-28.4,11.95,14.404,0,0.001,0,0,0,0,0,0,3.583,11.883,25.727,0,0,0,0,-3.57,11.848,28.406,0,0,0,0,3.529,11.848,23.813,0,0,0,0,-3.457,11.953,24.77,0,0,0,0,12.094,28.023,1,1,0,0,0,1,0,239.713,314.285,-0.002,104.034,0,0,1702126495,0.05,13.157,1,Z,
?,,,,,,,,,,,,,,,,,,,,,,,,,,,,,,,,,,,,,,,,,,,,,,,,,,,,,,,,,,,,
2014-Mar-28_10-10-28,10-10-28.5,11.95,14.404,0,0.001,0,0,0,0,0,0,3.583,11.883,25.727,0,0,0,0,-3.57,11.848,28.406,0,0,0,0,3.529,11.848,23.813,0,0,0,0,-3.457,11.953,24.77,0,0,0,0,12.094,28.023,1,1,0,0,0,1,0,239.713,314.285,-0.002,104.034,0,0,1702126495,0.05,13.157,1,?^?,
,,,,,,,,,,,,,,,,,,,,,,,,,,,,,,,,,,,,,,,,,,,,,,,,,,,,,,,,,,,,
2014-Mar-28_10-10-28,10-10-28.5,11.958,9.998,0,0.001,0,0,0,0,0,0,3.583,11.883,25.535,0,0,0,0,-3.57,11.848,29.172,0,0,0,0,3.529,11.883,24.195,0,0,0,0,-3.457,11.953,24.387,0,0,0,0,12.129,28.215,1,1,0,0,0,1,0,234.364,314.261,-0.002,109.517,0,0,1702126496,0.05,13.246,1,???,
2014-Mar-28_10-10-28,10-10-28.6,11.915,14.404,0,0.001,0,0,0,0,0,0,3.583,11.848,25.535,0,0,0,0,-3.57,11.813,28.98,0,0,0,0,3.529,11.883,23.813,0,0,0,0,-3.457,12.023,23.813,0,0,0,0,12.129,27.641,1,1,0,0,0,1,0,229.015,313.818,0.003,103.919,0,0,1702126497,0.05,13.334,1,G???,
2014-Mar-28_10-10-28,10-10-28.7,11.915,14.404,0,0.001,0,0,0,0,0,0,3.583,11.848,25.535,0,0,0,0,-3.57,11.813,28.98,0,0,0,0,3.529,11.883,23.813,0,0,0,0,-3.457,12.023,23.813,0,0,0,0,12.129,27.641,1,1,0,0,0,1,0,229.015,313.818,0.003,103.919,0,0,1702126497,0.05,13.334,1,?I?,
2014-Mar-28_10-10-28,10-10-28.7,11.95,9.998,0,0.001,0,0,0,0,0,0,3.583,11.848,25.727,0,0,0,0,-3.57,11.813,28.98,0,0,0,0,3.529,11.883,23.621,0,0,0,0,-3.46,11.988,24.387,0,0,0,0,12.164,28.598,1,1,0,0,0,1,0,253.084,313.38,0.003,109.517,0,0,1702126498,0.05,13.423,1,$4??,
2014-Mar-28_10-10-28,10-10-28.8,11.889,12.936,0,0.001,0,0,0,0,0,0,3.583,11.848,25.918,0,0,0,0,-3.57,11.813,28.598,0,0,0,0,3.529,11.883,23.621,0,0,0,0,-3.46,12.023,24.578,0,0,0,0,12.059,27.641,1,1,0,0,0,1,0,253.084,313.391,-0.002,105.404,0,0,1702126499,0.05,13.512,1,??9k,
2014-Mar-28_10-10-28,10-10-28.8,11.932,11.834,0,0.001,0,0,0,0,0,0,3.583,11.848,25.535,0,0,0,0,-3.57,11.777,28.98,0,0,0,0,3.529,11.918,23.621,0,0,0,0,-3.457,11.953,24.961,0,0,0,0,12.129,27.449,1,1,0,0,0,1,0,1015.256,313.27,0.003,107.004,0,0,1702126500,0.05,13.599,1,i?m6,
2014-Mar-28_10-10-28,10-10-28.9,11.932,11.834,0,0.001,0,0,0,0,0,0,3.583,11.848,25.535,0,0,0,0,-3.57,11.777,28.98,0,0,0,0,3.529,11.918,23.621,0,0,0,0,-3.457,11.953,24.961,0,0,0,0,12.129,27.449,1,1,0,0,0,1,0,1015.256,313.27,0.003,107.004,0,0,1702126500,0.05,13.599,1,W??,
2014-Mar-28_10-10-29,10-10-29.0,11.958,11.834,0,0.001,0,0,0,0,0,0,3.583,11.777,25.727,0,0,0,0,-3.57,11.848,28.98,0,0,0,0,3.529,11.848,23.43,0,0,0,0,-3.457,12.023,24.004,0,0,0,0,12.094,27.641,1,1,0,0,0,1,0,258.433,313.21,-0.002,107.118,0,0,1702126501,0.05,13.688,1,x,
,,,,,,,,,,,,,,,,,,,,,,,,,,,,,,,,,,,,,,,,,,,,,,,,,,,,,,,,,,,,
2014-Mar-28_10-10-29,10-10-29.0,11.898,12.201,0,0.001,0,0,0,0,0,0,3.583,11.848,25.344,0,0,0,0,-3.57,11.742,29.363,0,0,0,0,3.529,11.883,23.43,0,0,0,0,-3.457,11.953,24.195,0,0,0,0,12.129,27.832,1,1,0,0,0,1,0,1419.073,313.637,0.003,107.689,0,0,1702126502,0.05,13.777,1,?,?9
2014-Mar-28_10-10-29,10-10-29.1,11.898,12.201,0,0.001,0,0,0,0,0,0,3.583,11.848,25.344,0,0,0,0,-3.57,11.742,29.363,0,0,0,0,3.529,11.883,23.43,0,0,0,0,-3.457,11.953,24.195,0,0,0,0,12.129,27.832,1,1,0,0,0,1,0,1419.073,313.637,0.003,107.689,0,0,1702126502,0.05,13.777,1,??h,
2014-Mar-28_10-10-29,10-10-29.2,11.958,12.201,0,0.001,0,0,0,0,0,0,3.583,11.813,25.344,0,0,0,0,-3.57,11.848,29.363,0,0,0,0,3.529,11.848,24.004,0,0,0,0,-3.457,11.988,24.578,0,0,0,0,12.094,28.215,1,1,0,0,0,1,0,1739.987,314.518,0.003,107.347,0,0,1702126503,0.05,13.867,1,???,
2014-Mar-28_10-10-29,10-10-29.2,11.906,11.1,0,0.001,0,0,0,0,0,0,3.583,11.813,25.727,0,0,0,0,-3.57,11.848,28.98,0,0,0,0,3.529,11.813,23.813,0,0,0,0,-3.457,12.023,24.195,0,0,0,0,12.129,28.215,1,1,0,0,0,1,0,255.758,315.82,0.008,109.631,0,0,1702126504,0.05,13.976,1,$k?,
2014-Mar-28_10-10-29,10-10-29.3,11.906,11.1,0,0.001,0,0,0,0,0,0,3.583,11.813,25.727,0,0,0,0,-3.57,11.848,28.98,0,0,0,0,3.529,11.813,23.813,0,0,0,0,-3.457,12.023,24.195,0,0,0,0,12.129,28.215,1,1,0,0,0,1,0,255.758,315.82,0.008,109.631,0,0,1702126504,0.05,13.976,1,b??,
2014-Mar-28_10-10-29,10-10-29.3,11.863,11.834,0,0.001,0,0,0,0,0,0,3.583,11.848,25.727,0,0,0,0,-3.57,11.813,28.789,0,0,0,0,3.529,11.883,23.621,0,0,0,0,-3.457,11.988,24.004,0,0,0,0,12.059,28.023,1,1,0,0,0,1,0,247.735,316.779,0.003,106.09,0,0,1702126505,0.05,14.065,1,Hy?,
2014-Mar-28_10-10-29,10-10-29.4,11.941,10.366,0,0.001,0,0,0,0,0,0,3.583,11.848,25.727,0,0,0,0,-3.57,11.813,28.598,0,0,0,0,3.529,11.883,23.621,0,0,0,0,-3.457,11.988,24.004,0,0,0,0,12.129,28.406,1,1,0,0,0,1,0,239.713,318.701,-0.002,109.631,0,0,1702126506,0.05,14.152,1,?a?f,
2014-Mar-28_10-10-29,10-10-29.5,11.941,10.366,0,0.001,0,0,0,0,0,0,3.583,11.848,25.727,0,0,0,0,-3.57,11.813,28.598,0,0,0,0,3.529,11.883,23.621,0,0,0,0,-3.457,11.988,24.004,0,0,0,0,12.129,28.406,1,1,0,0,0,1,0,239.713,318.701,-0.002,109.631,0,0,1702126506,0.05,14.152,1,?'\,
2014-Mar-28_10-10-29,10-10-29.5,11.898,14.404,0,0.001,0,0,0,0,0,0,3.583,11.883,25.344,0,0,0,0,-3.57,11.813,28.98,0,0,0,0,3.529,11.918,23.813,0,0,0,0,-3.457,11.953,24.195,0,0,0,0,12.129,28.215,1,1,0,0,0,1,0,242.387,320.069,0.003,109.631,0,0,1702126507,0.05,14.249,1,????,
2014-Mar-28_10-10-29,10-10-29.6,11.898,11.1,0,0.001,0,0,0,0,0,0,3.583,11.883,25.344,0,0,0,0,-3.57,11.777,28.789,0,0,0,0,3.529,11.918,23.813,0,0,0,0,-3.457,11.953,24.387,0,0,0,0,12.094,27.832,1,1,0,0,0,1,0,1464.536,321.585,0.003,107.804,0,0,1702126508,0.05,14.343,1,DT?r,
2014-Mar-28_10-10-29,10-10-29.7,11.967,12.569,0,0.001,0,0,0,0,0,0,3.583,11.777,25.535,0,0,0,0,-3.57,11.848,28.598,0,0,0,0,3.529,11.883,23.621,0,0,0,0,-3.457,12.023,24.195,0,0,0,0,12.059,28.023,1,1,0,0,0,1,0,237.038,323.195,-0.002,109.517,0,0,1702126509,0.05,14.434,1,????,
2014-Mar-28_10-10-29,10-10-29.7,11.967,12.569,0,0.001,0,0,0,0,0,0,3.583,11.777,25.535,0,0,0,0,-3.57,11.848,28.598,0,0,0,0,3.529,11.883,23.621,0,0,0,0,-3.457,12.023,24.195,0,0,0,0,12.059,28.023,1,1,0,0,0,1,0,237.038,323.195,-0.002,109.517,0,0,1702126509,0.05,14.434,1,????,
2014-Mar-28_10-10-29,10-10-29.8,11.915,11.1,0,0.001,0,0,0,0,0,0,3.583,11.883,25.535,0,0,0,0,-3.57,11.777,29.363,0,0,0,0,3.529,11.918,24.004,0,0,0,0,-3.457,11.953,24.195,0,0,0,0,12.129,28.023,1,1,0,0,0,1,0,234.364,324.438,0.003,109.517,0,0,1702126510,0.05,14.523,1,"*?	",
2014-Mar-28_10-10-29,10-10-29.8,11.898,14.037,0,0.001,0,0,0,0,0,0,3.583,11.813,25.344,0,0,0,0,-3.57,11.848,28.598,0,0,0,0,3.529,11.848,23.238,0,0,0,0,-3.457,11.988,24.195,0,0,0,0,12.094,28.215,1,1,0,0,0,1,0,226.341,326.311,0.003,106.433,0,0,1702126511,0.05,14.613,1,????,
2014-Mar-28_10-10-29,10-10-29.9,11.898,14.037,0,0.001,0,0,0,0,0,0,3.583,11.813,25.344,0,0,0,0,-3.57,11.848,28.598,0,0,0,0,3.529,11.848,23.238,0,0,0,0,-3.457,11.988,24.195,0,0,0,0,12.094,28.215,1,1,0,0,0,1,0,226.341,326.311,0.003,106.433,0,0,1702126511,0.05,14.613,1,4,?3
2014-Mar-28_10-10-30,10-10-30.0,11.95,8.897,0,0.001,0,0,0,0,0,0,3.583,11.848,25.727,0,0,0,0,-3.57,11.813,28.598,0,0,0,0,3.529,11.953,23.621,0,0,0,0,-3.457,11.988,23.813,0,0,0,0,12.129,28.406,1,1,0,0,0,1,0,231.69,327.69,0.003,109.517,0,0,1702126512,0.05,14.704,1,0??,
2014-Mar-28_10-10-30,10-10-30.0,11.881,14.037,0,0.001,0,0,0,0,0,0,3.583,11.883,25.344,0,0,0,0,-3.57,11.777,28.789,0,0,0,0,3.529,11.883,23.621,0,0,0,0,-3.457,11.918,24.387,0,0,0,0,12.094,28.406,1,1,0,0,0,1,0,223.667,329.1,0.008,106.09,0,0,1702126513,0.05,14.793,1,{O>,
2014-Mar-28_10-10-30,10-10-30.1,11.881,14.037,0,0.001,0,0,0,0,0,0,3.583,11.883,25.344,0,0,0,0,-3.57,11.777,28.789,0,0,0,0,3.529,11.883,23.621,0,0,0,0,-3.457,11.918,24.387,0,0,0,0,12.094,28.406,1,1,0,0,0,1,0,223.667,329.1,0.008,106.09,0,0,1702126513,0.05,14.793,1,R-CH,
2014-Mar-28_10-10-30,10-10-30.2,11.95,9.631,0,0.001,0,0,0,0,0,0,3.583,11.777,25.344,0,0,0,0,-3.57,11.777,29.172,0,0,0,0,3.529,11.813,24.004,0,0,0,0,-3.457,11.953,24.195,0,0,0,0,12.164,28.023,1,1,0,0,0,1,0,231.69,330.245,0.003,109.403,0,0,1702126514,0.05,14.883,1,???F,
2014-Mar-28_10-10-30,10-10-30.2,11.898,11.467,0,0.001,0,0,0,0,0,0,3.583,11.848,25.535,0,0,0,0,-3.57,11.813,28.598,0,0,0,0,3.529,11.848,24.004,0,0,0,0,-3.457,11.988,24.77,0,0,0,0,12.164,28.023,1,1,0,0,0,1,0,229.015,331.415,-0.007,108.718,0,0,1702126515,0.05,14.974,1,%??,
2014-Mar-28_10-10-30,10-10-30.3,11.898,11.467,0,0.001,0,0,0,0,0,0,3.583,11.848,25.535,0,0,0,0,-3.57,11.813,28.598,0,0,0,0,3.529,11.848,24.004,0,0,0,0,-3.457,11.988,24.77,0,0,0,0,12.164,28.023,1,1,0,0,0,1,0,229.015,331.415,-0.007,108.718,0,0,1702126515,0.05,14.974,1,oU,
2014-Mar-28_10-10-30,10-10-30.3,11.958,12.201,0,0.001,0,0,0,0,0,0,3.583,11.813,25.344,0,0,0,0,-3.57,11.848,29.172,0,0,0,0,3.529,11.848,23.43,0,0,0,0,-3.457,11.988,24.578,0,0,0,0,12.094,28.215,1,1,0,0,0,1,0,223.667,331.947,-0.002,107.918,0,0,1702126516,0.05,15.064,1,I??P,
2014-Mar-28_10-10-30,10-10-30.4,11.898,11.1,0,0.001,0,0,0,0,0,0,3.583,11.883,25.535,0,0,0,0,-3.57,11.777,28.406,0,0,0,0,3.529,11.883,23.813,0,0,0,0,-3.457,11.883,23.621,0,0,0,0,12.164,27.832,1,1,0,0,0,1,0,220.993,332.484,0.008,109.517,0,0,1702126517,0.05,15.153,1,&?~,
2014-Mar-28_10-10-30,10-10-30.5,11.898,11.1,0,0.001,0,0,0,0,0,0,3.583,11.883,25.535,0,0,0,0,-3.57,11.777,28.406,0,0,0,0,3.529,11.883,23.813,0,0,0,0,-3.457,11.883,23.621,0,0,0,0,12.164,27.832,1,1,0,0,0,1,0,220.993,332.484,0.008,109.517,0,0,1702126517,0.05,15.153,1,G?'?,
2014-Mar-28_10-10-30,10-10-30.5,11.889,14.037,0,0.001,0,0,0,0,0,0,3.583,11.777,25.535,0,0,0,0,-3.57,11.848,28.789,0,0,0,0,3.529,11.848,23.43,0,0,0,0,-3.457,11.988,24.578,0,0,0,0,12.023,28.406,1,1,0,0,0,1,0,218.318,333.382,0.003,107.118,0,0,1702126518,0.05,15.244,1,??,
2014-Mar-28_10-10-30,10-10-30.6,11.932,10.733,0,0.001,0,0,0,0,0,0,3.583,11.848,25.535,0,0,0,0,-3.57,11.848,29.172,0,0,0,0,3.529,11.918,23.43,0,0,0,0,-3.457,11.988,23.813,0,0,0,0,12.129,28.023,1,1,0,0,0,1,0,183.553,333.841,0.008,109.517,0,0,1702126519,0.05,15.334,1,?,
xk,,,,,,,,,,,,,,,,,,,,,,,,,,,,,,,,,,,,,,,,,,,,,,,,,,,,,,,,,,,,
2014-Mar-28_10-10-30,10-10-30.7,11.932,10.733,0,0.001,0,0,0,0,0,0,3.583,11.848,25.535,0,0,0,0,-3.57,11.848,29.172,0,0,0,0,3.529,11.918,23.43,0,0,0,0,-3.457,11.988,23.813,0,0,0,0,12.129,28.023,1,1,0,0,0,1,0,183.553,333.841,0.008,109.517,0,0,1702126519,0.05,15.334,1,??4?,
2014-Mar-28_10-10-30,10-10-30.7,11.872,13.303,0,0.001,0,0,0,0,0,0,3.583,11.813,25.727,0,0,0,0,-3.57,11.848,28.98,0,0,0,0,3.529,11.848,23.813,0,0,0,0,-3.457,11.988,24.578,0,0,0,0,12.059,27.832,1,1,0,0,0,1,0,210.295,334.276,0.003,106.204,0,0,1702126520,0.05,15.424,1,p?,
2014-Mar-28_10-10-30,10-10-30.8,11.932,10.733,0,0.001,0,0,0,0,0,0,3.583,11.848,25.344,0,0,0,0,-3.57,11.848,28.598,0,0,0,0,3.529,11.848,23.43,0,0,0,0,-3.457,11.988,24.387,0,0,0,0,12.129,28.215,1,1,0,0,0,1,0,215.644,334.941,0.003,109.517,0,0,1702126521,0.05,15.514,1,0?,
2014-Mar-28_10-10-30,10-10-30.8,11.855,12.569,0,0.001,0,0,0,0,0,0,3.583,11.848,25.535,0,0,0,0,-3.57,11.777,28.598,0,0,0,0,3.529,11.883,23.238,0,0,0,0,-3.457,11.988,24.195,0,0,0,0,12.059,28.023,1,1,0,0,0,1,0,186.227,335.596,0.003,109.403,0,0,1702126522,0.05,15.605,1,ap?y,
2014-Mar-28_10-10-30,10-10-30.9,11.855,12.569,0,0.001,0,0,0,0,0,0,3.583,11.848,25.535,0,0,0,0,-3.57,11.777,28.598,0,0,0,0,3.529,11.883,23.238,0,0,0,0,-3.457,11.988,24.195,0,0,0,0,12.059,28.023,1,1,0,0,0,1,0,186.227,335.596,0.003,109.403,0,0,1702126522,0.05,15.605,1,????,
2014-Mar-28_10-10-31,10-10-31.0,11.95,11.834,0,0.001,0,0,0,0,0,0,3.583,11.777,25.918,0,0,0,0,-3.57,11.848,28.406,0,0,0,0,3.529,11.813,24.004,0,0,0,0,-3.457,12.023,24.578,0,0,0,0,12.059,27.832,1,1,0,0,0,1,0,186.227,336.041,0.008,109.631,0,0,1702126523,0.05,15.694,1,???:,
2014-Mar-28_10-10-31,10-10-31.0,11.881,12.201,0,0.001,0,0,0,0,0,0,3.583,11.883,25.535,0,0,0,0,-3.57,11.777,28.598,0,0,0,0,3.529,11.883,23.813,0,0,0,0,-3.457,11.918,24.004,0,0,0,0,12.094,27.832,1,1,0,0,0,1,0,215.644,336.778,0.008,109.517,0,0,1702126524,0.05,15.785,1,????,
2014-Mar-28_10-10-31,10-10-31.1,11.967,14.037,0,0.001,0,0,0,0,0,0,3.583,11.848,25.918,0,0,0,0,-3.57,11.883,28.598,0,0,0,0,3.529,11.883,23.43,0,0,0,0,-3.457,11.988,24.004,0,0,0,0,12.059,27.832,1,1,0,0,0,1,0,218.318,337.101,-0.002,107.689,0,0,1702126525,0.05,15.875,1,??u?,
2014-Mar-28_10-10-31,10-10-31.3,11.898,13.67,0,0.001,0,0,0,0,0,0,3.583,11.848,25.918,0,0,0,0,-3.57,11.777,28.598,0,0,0,0,3.529,11.883,23.813,0,0,0,0,-3.457,11.918,24.578,0,0,0,0,12.129,28.406,1,1,0,0,0,1,0,223.667,338.382,-0.002,107.004,0,0,1702126527,0.05,16.055,1,??MH,
2014-Mar-28_10-10-31,10-10-31.4,11.95,10.366,0,0.001,0,0,0,0,0,0,3.583,11.813,25.152,0,0,0,0,-3.57,11.813,28.598,0,0,0,0,3.529,11.883,23.238,0,0,0,0,-3.457,11.953,24.387,0,0,0,0,12.164,27.641,1,1,0,0,0,1,0,229.015,338.998,0.003,109.631,0,0,1702126528,0.05,16.144,1,z]??,
2014-Mar-28_10-10-31,10-10-31.5,11.872,13.67,0,0.001,0,0,0,0,0,0,3.583,11.848,25.535,0,0,0,0,-3.57,11.742,29.363,0,0,0,0,3.529,11.883,23.621,0,0,0,0,-3.457,11.988,24.578,0,0,0,0,12.129,27.832,1,1,0,0,0,1,0,231.69,339.442,0.008,109.403,0,0,1702126529,0.05,16.234,1,????,
2014-Mar-28_10-10-31,10-10-31.5,11.872,13.67,0,0.001,0,0,0,0,0,0,3.583,11.848,25.535,0,0,0,0,-3.57,11.742,29.363,0,0,0,0,3.529,11.883,23.621,0,0,0,0,-3.457,11.988,24.578,0,0,0,0,12.129,27.832,1,1,0,0,0,1,0,231.69,339.442,0.008,109.403,0,0,1702126529,0.05,16.234,1,X14,
2014-Mar-28_10-10-31,10-10-31.6,11.958,9.998,0,0.001,0,0,0,0,0,0,3.583,11.813,25.727,0,0,0,0,-3.57,11.848,28.598,0,0,0,0,3.529,11.813,23.813,0,0,0,0,-3.457,12.023,24.387,0,0,0,0,12.164,28.023,1,1,0,0,0,1,0,282.501,340.032,-0.007,109.517,0,0,1702126530,0.05,16.319,1,A???,
2014-Mar-28_10-10-31,10-10-31.7,11.906,15.139,0,0.001,0,0,0,0,0,0,3.583,11.813,25.344,0,0,0,0,-3.57,11.848,28.406,0,0,0,0,3.529,11.883,23.621,0,0,0,0,-3.457,12.023,24.387,0,0,0,0,12.094,28.215,1,1,0,0,0,1,0,239.713,340.398,0.003,108.946,0,0,1702126531,0.05,16.409,1,,
@?v,,,,,,,,,,,,,,,,,,,,,,,,,,,,,,,,,,,,,,,,,,,,,,,,,,,,,,,,,,,,
2014-Mar-28_10-10-31,10-10-31.7,11.906,15.139,0,0.001,0,0,0,0,0,0,3.583,11.813,25.344,0,0,0,0,-3.57,11.848,28.406,0,0,0,0,3.529,11.883,23.621,0,0,0,0,-3.457,12.023,24.387,0,0,0,0,12.094,28.215,1,1,0,0,0,1,0,239.713,340.398,0.003,108.946,0,0,1702126531,0.05,16.409,1,GI??,
2014-Mar-28_10-10-31,10-10-31.8,11.941,11.834,0,0.001,0,0,0,0,0,0,3.583,11.777,26.109,0,0,0,0,-3.57,11.813,28.789,0,0,0,0,3.529,11.848,23.43,0,0,0,0,-3.457,11.988,24.004,0,0,0,0,12.164,28.215,1,1,0,0,0,1,0,242.387,340.822,-0.002,109.631,0,0,1702126532,0.05,16.499,1,??p,
2014-Mar-28_10-10-31,10-10-31.8,11.872,12.936,0,0.001,0,0,0,0,0,0,3.583,11.848,25.152,0,0,0,0,-3.57,11.848,28.789,0,0,0,0,3.529,11.848,23.813,0,0,0,0,-3.457,11.953,24.578,0,0,0,0,12.094,27.832,1,1,0,0,0,1,0,242.387,341.251,-0.002,109.746,0,0,1702126533,0.05,16.589,1,C?R?,
2014-Mar-28_10-10-31,10-10-31.9,11.872,12.936,0,0.001,0,0,0,0,0,0,3.583,11.848,25.152,0,0,0,0,-3.57,11.848,28.789,0,0,0,0,3.529,11.848,23.813,0,0,0,0,-3.457,11.953,24.578,0,0,0,0,12.094,27.832,1,1,0,0,0,1,0,242.387,341.251,-0.002,109.746,0,0,1702126533,0.05,16.589,1,?P??,
2014-Mar-28_10-10-32,10-10-32.0,11.932,9.631,0,0.001,0,0,0,0,0,0,3.583,11.777,25.535,0,0,0,0,-3.57,11.848,29.172,0,0,0,0,3.529,11.777,23.621,0,0,0,0,-3.457,12.023,24.004,0,0,0,0,12.023,27.449,1,1,0,0,0,1,0,247.735,341.965,0.003,109.517,0,0,1702126534,0.05,16.679,1,??|?,
2014-Mar-28_10-10-32,10-10-32.0,11.881,11.1,0,0.001,0,0,0,0,0,0,3.583,11.848,25.727,0,0,0,0,-3.57,11.742,28.98,0,0,0,0,3.529,11.883,23.813,0,0,0,0,-3.457,11.953,24.195,0,0,0,0,12.129,28.406,1,1,0,0,0,1,0,250.41,342.441,-0.002,109.403,0,0,1702126535,0.05,16.77,1,_Q?D,
2014-Mar-28_10-10-32,10-10-32.1,11.881,11.1,0,0.001,0,0,0,0,0,0,3.583,11.848,25.727,0,0,0,0,-3.57,11.742,28.98,0,0,0,0,3.529,11.883,23.813,0,0,0,0,-3.457,11.953,24.195,0,0,0,0,12.129,28.406,1,1,0,0,0,1,0,250.41,342.441,-0.002,109.403,0,0,1702126535,0.05,16.77,1,?e,
2014-Mar-28_10-10-32,10-10-32.2,11.95,11.834,0,0.001,0,0,0,0,0,0,3.583,11.848,25.344,0,0,0,0,-3.57,11.848,28.98,0,0,0,0,3.529,11.848,23.621,0,0,0,0,-3.457,12.023,24.195,0,0,0,0,12.059,28.023,1,1,0,0,0,1,0,247.735,343.101,0.008,109.289,0,0,1702126536,0.05,16.864,1,0?U?,
2014-Mar-28_10-10-32,10-10-32.2,11.941,9.631,0,0.001,0,0,0,0,0,0,3.583,11.777,25.727,0,0,0,0,-3.57,11.813,28.598,0,0,0,0,3.529,11.848,23.813,0,0,0,0,-3.457,11.918,24.195,0,0,0,0,12.094,27.832,1,1,0,0,0,1,0,253.084,343.617,-0.002,109.631,0,0,1702126537,0.05,16.953,1,d#?,
2014-Mar-28_10-10-32,10-10-32.3,11.863,12.569,0,0.001,0,0,0,0,0,0,3.583,11.777,25.344,0,0,0,0,-3.57,11.777,28.789,0,0,0,0,3.529,11.848,23.813,0,0,0,0,-3.457,11.988,24.195,0,0,0,0,12.023,28.215,1,1,0,0,0,1,0,247.735,344.011,0.008,109.403,0,0,1702126538,0.05,17.039,1,?T>,
2014-Mar-28_10-10-32,10-10-32.3,11.906,9.998,0,0.001,0,0,0,0,0,0,3.583,11.848,25.918,0,0,0,0,-3.57,11.777,28.598,0,0,0,0,3.529,11.883,24.195,0,0,0,0,-3.457,11.953,24.578,0,0,0,0,12.129,28.406,1,1,0,0,0,1,0,250.41,344.336,0.003,109.631,0,0,1702126539,0.05,17.128,1,?Z?E,
2014-Mar-28_10-10-32,10-10-32.4,11.906,9.998,0,0.001,0,0,0,0,0,0,3.583,11.848,25.918,0,0,0,0,-3.57,11.777,28.598,0,0,0,0,3.529,11.883,24.195,0,0,0,0,-3.457,11.953,24.578,0,0,0,0,12.129,28.406,1,1,0,0,0,1,0,250.41,344.336,0.003,109.631,0,0,1702126539,0.05,17.128,1,????,
2014-Mar-28_10-10-32,10-10-32.5,11.889,15.506,0,0.001,0,0,0,0,0,0,3.583,11.848,25.535,0,0,0,0,-3.57,11.813,28.789,0,0,0,0,3.529,11.883,23.621,0,0,0,0,-3.457,11.918,24.004,0,0,0,0,12.059,28.406,1,1,0,0,0,1,0,237.038,344.952,0.008,109.517,0,0,1702126540,0.05,17.218,1,O?5,
2014-Mar-28_10-10-32,10-10-32.5,11.889,15.506,0,0.001,0,0,0,0,0,0,3.583,11.848,25.535,0,0,0,0,-3.57,11.813,28.789,0,0,0,0,3.529,11.883,23.621,0,0,0,0,-3.457,11.918,24.004,0,0,0,0,12.059,28.406,1,1,0,0,0,1,0,237.038,344.952,0.008,109.517,0,0,1702126540,0.05,17.218,1,?Z??,
2014-Mar-28_10-10-32,10-10-32.6,11.95,9.631,0,0.001,0,0,0,0,0,0,3.583,11.848,25.727,0,0,0,0,-3.57,11.813,28.789,0,0,0,0,3.529,11.883,23.813,0,0,0,0,-3.457,11.953,24.387,0,0,0,0,12.164,27.832,1,1,0,0,0,1,0,253.084,345.442,0.008,109.631,0,0,1702126541,0.05,17.308,1,?l??,
2014-Mar-28_10-10-32,10-10-32.7,11.881,12.201,0,0.001,0,0,0,0,0,0,3.583,11.918,25.344,0,0,0,0,-3.57,11.813,28.406,0,0,0,0,3.529,11.883,23.621,0,0,0,0,-3.457,11.988,24.004,0,0,0,0,12.129,28.023,1,1,0,0,0,1,0,237.038,346.161,0.003,109.631,0,0,1702126542,0.05,17.403,1,?7A,
2014-Mar-28_10-10-32,10-10-32.9,11.967,10.733,0,0.001,0,0,0,0,0,0,3.583,11.848,25.152,0,0,0,0,-3.57,11.848,28.98,0,0,0,0,3.529,11.848,23.813,0,0,0,0,-3.457,11.988,24.195,0,0,0,0,12.199,28.023,1,1,0,0,0,1,0,234.364,347.382,0.003,109.631,0,0,1702126544,0.05,17.584,1,g?V?,
2014-Mar-28_10-10-33,10-10-33.0,11.881,11.467,0,0.001,0,0,0,0,0,0,3.583,11.848,25.152,0,0,0,0,-3.57,11.777,28.98,0,0,0,0,3.529,11.918,23.813,0,0,0,0,-3.457,11.953,24.387,0,0,0,0,12.129,28.215,1,1,0,0,0,1,0,234.364,348.334,-0.007,109.517,0,0,1702126545,0.05,17.674,1,"	?V",
2014-Mar-28_10-10-33,10-10-33.0,11.967,10.366,0,0.001,0,0,0,0,0,0,3.583,11.777,25.344,0,0,0,0,-3.57,11.813,29.172,0,0,0,0,3.529,11.848,23.813,0,0,0,0,-3.457,12.023,24.387,0,0,0,0,12.129,27.832,1,1,0,0,0,1,0,231.69,348.8,0.008,109.517,0,0,1702126546,0.05,17.766,1,Vu?,
2014-Mar-28_10-10-33,10-10-33.1,11.967,10.366,0,0.001,0,0,0,0,0,0,3.583,11.777,25.344,0,0,0,0,-3.57,11.813,29.172,0,0,0,0,3.529,11.848,23.813,0,0,0,0,-3.457,12.023,24.387,0,0,0,0,12.129,27.832,1,1,0,0,0,1,0,231.69,348.8,0.008,109.517,0,0,1702126546,0.05,17.766,1,;CUw,
2014-Mar-28_10-10-33,10-10-33.2,11.924,9.631,0,0.001,0,0,0,0,0,0,3.583,11.883,25.535,0,0,0,0,-3.57,11.813,28.98,0,0,0,0,3.529,11.918,23.621,0,0,0,0,-3.457,11.953,24.195,0,0,0,0,12.164,28.598,1,1,0,0,0,1,0,220.993,349.477,-0.002,109.403,0,0,1702126547,0.05,17.869,1,1c?,
2014-Mar-28_10-10-33,10-10-33.2,11.881,11.467,0,0.001,0,0,0,0,0,0,3.583,11.883,25.727,0,0,0,0,-3.57,11.848,28.406,0,0,0,0,3.529,11.883,23.813,0,0,0,0,-3.457,11.988,24.578,0,0,0,0,12.059,28.215,1,1,0,0,0,1,0,196.924,349.991,0.008,109.517,0,0,1702126548,0.05,17.959,1,?-??,
2014-Mar-28_10-10-33,10-10-33.3,11.881,11.467,0,0.001,0,0,0,0,0,0,3.583,11.883,25.727,0,0,0,0,-3.57,11.848,28.406,0,0,0,0,3.529,11.883,23.813,0,0,0,0,-3.457,11.988,24.578,0,0,0,0,12.059,28.215,1,1,0,0,0,1,0,196.924,349.991,0.008,109.517,0,0,1702126548,0.05,17.959,1,-d?,
2014-Mar-28_10-10-33,10-10-33.3,11.924,10.366,0,0.001,0,0,0,0,0,0,3.583,11.883,25.344,0,0,0,0,-3.57,11.777,28.789,0,0,0,0,3.529,11.883,23.621,0,0,0,0,-3.457,11.953,24.387,0,0,0,0,12.164,28.023,1,1,0,0,0,1,0,202.273,350.458,0.003,109.746,0,0,1702126549,0.05,18.048,1,"y??	",
2014-Mar-28_10-10-33,10-10-33.4,11.932,14.404,0,0.001,0,0,0,0,0,0,3.583,11.883,25.344,0,0,0,0,-3.57,11.777,28.98,0,0,0,0,3.529,11.848,23.813,0,0,0,0,-3.457,11.953,24.387,0,0,0,0,12.094,27.832,1,1,0,0,0,1,0,212.97,350.89,-0.002,109.631,0,0,1702126550,0.05,18.138,1,5Q?,
2014-Mar-28_10-10-33,10-10-33.5,11.932,14.404,0,0.001,0,0,0,0,0,0,3.583,11.883,25.344,0,0,0,0,-3.57,11.777,28.98,0,0,0,0,3.529,11.848,23.813,0,0,0,0,-3.457,11.953,24.387,0,0,0,0,12.094,27.832,1,1,0,0,0,1,0,212.97,350.89,-0.002,109.631,0,0,1702126550,0.05,18.138,1,<?R,
2014-Mar-28_10-10-33,10-10-33.5,11.898,12.936,0,0.001,0,0,0,0,0,0,3.583,11.883,25.727,0,0,0,0,-3.57,11.777,28.789,0,0,0,0,3.529,11.848,24.195,0,0,0,0,-3.457,11.918,24.578,0,0,0,0,12.129,27.832,1,1,0,0,0,1,0,218.318,351.502,-0.002,109.517,0,0,1702126552,0.05,18.318,1,{{,
2014-Mar-28_10-10-33,10-10-33.6,11.898,12.936,0,0.001,0,0,0,0,0,0,3.583,11.883,25.727,0,0,0,0,-3.57,11.777,28.789,0,0,0,0,3.529,11.848,24.195,0,0,0,0,-3.457,11.918,24.578,0,0,0,0,12.129,27.832,1,1,0,0,0,1,0,218.318,351.502,-0.002,109.517,0,0,1702126552,0.05,18.318,1,??\k,
2014-Mar-28_10-10-33,10-10-33.7,11.941,9.998,0,0.001,0,0,0,0,0,0,3.583,11.777,25.535,0,0,0,0,-3.57,11.777,29.172,0,0,0,0,3.529,11.813,23.813,0,0,0,0,-3.457,11.988,24.387,0,0,0,0,12.164,28.215,1,1,0,0,0,1,0,220.993,351.876,0.003,109.746,0,0,1702126553,0.05,18.407,1,? ??,
2014-Mar-28_10-10-33,10-10-33.7,11.872,12.936,0,0.001,0,0,0,0,0,0,3.583,11.848,25.727,0,0,0,0,-3.57,11.742,28.789,0,0,0,0,3.529,11.883,23.43,0,0,0,0,-3.457,11.918,24.387,0,0,0,0,12.129,28.023,1,1,0,0,0,1,0,229.015,352.456,-0.002,109.631,0,0,1702126554,0.05,18.497,1,"""=?",
2014-Mar-28_10-10-33,10-10-33.8,11.872,12.936,0,0.001,0,0,0,0,0,0,3.583,11.848,25.727,0,0,0,0,-3.57,11.742,28.789,0,0,0,0,3.529,11.883,23.43,0,0,0,0,-3.457,11.918,24.387,0,0,0,0,12.129,28.023,1,1,0,0,0,1,0,229.015,352.456,-0.002,109.631,0,0,1702126554,0.05,18.497,1,???,
2014-Mar-28_10-10-33,10-10-33.8,11.967,11.467,0,0.001,0,0,0,0,0,0,3.583,11.813,25.727,0,0,0,0,-3.57,11.848,28.789,0,0,0,0,3.529,11.813,24.004,0,0,0,0,-3.457,11.988,24.195,0,0,0,0,12.129,28.023,1,1,0,0,0,1,0,212.97,352.518,0.008,109.631,0,0,1702126555,0.05,18.587,1,?\?,
2014-Mar-28_10-10-33,10-10-33.9,11.889,10.733,0,0.001,0,0,0,0,0,0,3.583,11.918,25.344,0,0,0,0,-3.57,11.813,28.98,0,0,0,0,3.529,11.848,23.621,0,0,0,0,-3.457,11.953,23.813,0,0,0,0,12.129,27.449,1,1,0,0,0,1,0,199.598,352.234,0.003,109.517,0,0,1702126556,0.05,18.677,1,?8?,
2014-Mar-28_10-10-34,10-10-34.0,11.889,10.733,0,0.001,0,0,0,0,0,0,3.583,11.918,25.344,0,0,0,0,-3.57,11.813,28.98,0,0,0,0,3.529,11.848,23.621,0,0,0,0,-3.457,11.953,23.813,0,0,0,0,12.129,27.449,1,1,0,0,0,1,0,199.598,352.234,0.003,109.517,0,0,1702126556,0.05,18.677,1,?4?/,
2014-Mar-28_10-10-34,10-10-34.0,11.958,11.834,0,0.001,0,0,0,0,0,0,3.583,11.777,25.344,0,0,0,0,-3.57,11.848,28.406,0,0,0,0,3.529,11.813,23.621,0,0,0,0,-3.457,12.023,24.77,0,0,0,0,12.094,28.406,1,1,0,0,0,1,0,204.947,352.107,-0.002,109.517,0,0,1702126557,0.05,18.767,1,???w,
2014-Mar-28_10-10-34,10-10-34.1,11.941,10.366,0,0.001,0,0,0,0,0,0,3.583,11.777,25.535,0,0,0,0,-3.57,11.848,28.789,0,0,0,0,3.529,11.918,24.004,0,0,0,0,-3.457,12.023,24.387,0,0,0,0,12.164,28.023,1,1,0,0,0,1,0,196.924,352.342,0.003,109.517,0,0,1702126558,0.05,18.857,1,rP,
2014-Mar-28_10-10-34,10-10-34.2,11.941,10.366,0,0.001,0,0,0,0,0,0,3.583,11.777,25.535,0,0,0,0,-3.57,11.848,28.789,0,0,0,0,3.529,11.918,24.004,0,0,0,0,-3.457,12.023,24.387,0,0,0,0,12.164,28.023,1,1,0,0,0,1,0,196.924,352.342,0.003,109.517,0,0,1702126558,0.05,18.857,1,?Y??,
2014-Mar-28_10-10-34,10-10-34.2,11.906,13.303,0,0.001,0,0,0,0,0,0,3.583,11.777,25.344,0,0,0,0,-3.57,11.883,28.789,0,0,0,0,3.529,11.883,23.621,0,0,0,0,-3.457,12.023,24.387,0,0,0,0,12.059,28.215,1,1,0,0,0,1,0,196.924,352.078,-0.002,109.631,0,0,1702126559,0.05,18.947,1,zp~?,
2014-Mar-28_10-10-34,10-10-34.3,11.958,8.53,0,0.001,0,0,0,0,0,0,3.583,11.777,25.727,0,0,0,0,-3.57,11.848,28.789,0,0,0,0,3.529,11.883,23.621,0,0,0,0,-3.457,12.023,24.004,0,0,0,0,12.164,28.023,1,1,0,0,0,1,0,196.924,352.021,0.003,109.517,0,0,1702126560,0.05,19.037,1,w?Z,
2014-Mar-28_10-10-34,10-10-34.3,11.958,8.53,0,0.001,0,0,0,0,0,0,3.583,11.777,25.727,0,0,0,0,-3.57,11.848,28.789,0,0,0,0,3.529,11.883,23.621,0,0,0,0,-3.457,12.023,24.004,0,0,0,0,12.164,28.023,1,1,0,0,0,1,0,196.924,352.021,0.003,109.517,0,0,1702126560,0.05,19.037,1,y?*?,
2014-Mar-28_10-10-34,10-10-34.4,11.881,13.303,0,0.001,0,0,0,0,0,0,3.583,11.883,25.344,0,0,0,0,-3.57,11.848,28.98,0,0,0,0,3.529,11.883,23.43,0,0,0,0,-3.457,12.023,24.004,0,0,0,0,12.059,28.406,1,1,0,0,0,1,0,191.575,351.951,-0.002,109.517,0,0,1702126561,0.05,19.126,1,zO?,
2014-Mar-28_10-10-34,10-10-34.5,11.967,8.897,0,0.001,0,0,0,0,0,0,3.583,11.813,25.344,0,0,0,0,-3.57,11.848,28.598,0,0,0,0,3.529,11.848,23.43,0,0,0,0,-3.457,12.059,24.004,0,0,0,0,12.129,28.215,1,1,0,0,0,1,0,194.25,351.619,-0.002,109.517,0,0,1702126562,0.05,19.215,1,???,
2014-Mar-28_10-10-34,10-10-34.5,11.881,12.201,0,0.001,0,0,0,0,0,0,3.583,11.883,25.535,0,0,0,0,-3.57,11.848,28.98,0,0,0,0,3.529,11.883,24.004,0,0,0,0,-3.457,12.023,24.195,0,0,0,0,12.094,28.215,1,1,0,0,0,1,0,218.318,351.506,-0.002,109.517,0,0,1702126563,0.05,19.303,1,;???,
2014-Mar-28_10-10-34,10-10-34.6,11.881,12.201,0,0.001,0,0,0,0,0,0,3.583,11.883,25.535,0,0,0,0,-3.57,11.848,28.98,0,0,0,0,3.529,11.883,24.004,0,0,0,0,-3.457,12.023,24.195,0,0,0,0,12.094,28.215,1,1,0,0,0,1,0,218.318,351.506,-0.002,109.517,0,0,1702126563,0.05,19.303,1,??#,
2014-Mar-28_10-10-34,10-10-34.7,11.976,9.264,0,0.001,0,0,0,0,0,0,3.583,11.777,25.344,0,0,0,0,-3.57,11.813,28.406,0,0,0,0,3.529,11.777,24.004,0,0,0,0,-3.457,11.988,25.152,0,0,0,0,12.164,28.023,1,1,0,0,0,1,0,234.364,351.538,-0.002,109.517,0,0,1702126564,0.05,19.392,1,??]?,
2014-Mar-28_10-10-34,10-10-34.7,11.906,12.201,0,0.001,0,0,0,0,0,0,3.583,11.883,25.344,0,0,0,0,-3.57,11.777,29.172,0,0,0,0,3.529,11.883,23.813,0,0,0,0,-3.457,11.988,24.004,0,0,0,0,12.094,28.023,1,1,0,0,0,1,0,255.758,351.334,0.003,109.517,0,0,1702126565,0.05,19.479,1,?C?r,
2014-Mar-28_10-10-34,10-10-34.8,11.906,12.201,0,0.001,0,0,0,0,0,0,3.583,11.883,25.344,0,0,0,0,-3.57,11.777,29.172,0,0,0,0,3.529,11.883,23.813,0,0,0,0,-3.457,11.988,24.004,0,0,0,0,12.094,28.023,1,1,0,0,0,1,0,255.758,351.334,0.003,109.517,0,0,1702126565,0.05,19.479,1,"{?
2014-Mar-28_10-10-34,10-10-34.8,11.932,11.834,0.000,0.001,0.000,0.000,0.000,0.000,0.000,0.000,3.583,11.883,25.535,0,0.000,0.000,0.000,-3.570,11.813,28.406,0,0.000,0.000,0.000,3.529,11.918,24.004,0,0.000,0.000,0.000,-3.457,11.988,24.004,0,0.000,0.000,0.000,12.164,28.406,1,1,0,0,0,1,0,242.387,351.164,-0.002,109.517,0.000,0.000,1702126566,0.050,19.568,1,???y
2014-Mar-28_10-10-34,10-10-34.9,11.898,12.936,0.000,0.001,0.000,0.000,0.000,0.000,0.000,0.000,3.583,11.883,25.535,0,0.000,0.000,0.000,-3.570,11.777,28.789,0,0.000,0.000,0.000,3.529,11.848,24.004,0,0.000,0.000,0.000,-3.457,11.918,24.961,0,0.000,0.000,0.000,12.129,27.832,1,1,0,0,0,1,0,242.387,350.949,-0.007,109.517,0.000,0.000,1702126567,0.050,19.658,1,??f
2014-Mar-28_10-10-35,10-10-35.0,11.898,12.936,0.000,0.001,0.000,0.000,0.000,0.000,0.000,0.000,3.583,11.883,25.535,0,0.000,0.000,0.000,-3.570,11.777,28.789,0,0.000,0.000,0.000,3.529,11.848,24.004,0,0.000,0.000,0.000,-3.457,11.918,24.961,0,0.000,0.000,0.000,12.129,27.832,1,1,0,0,0,1,0,242.387,350.949,-0.007,109.517,0.000,0.000,1702126567,0.050,19.658,1,?@d
2014-Mar-28_10-10-35,10-10-35.0,11.941,10.366,0.000,0.001,0.000,0.000,0.000,0.000,0.000,0.000,3.583,11.848,25.727,0,0.000,0.000,0.000,-3.570,11.813,28.598,0,0.000,0.000,0.000,3.529,11.883,23.430,0,0.000,0.000,0.000,-3.457,11.988,24.578,0,0.000,0.000,0.000,12.129,28.406,1,1,0,0,0,1,0,250.410,350.670,-0.002,109.517,0.000,0.000,1702126568,0.050,19.748,1,??`
2014-Mar-28_10-10-35,10-10-35.1,11.872,11.834,0.000,0.001,0.000,0.000,0.000,0.000,0.000,0.000,3.583,11.883,25.727,0,0.000,0.000,0.000,-3.570,11.742,29.363,0,0.000,0.000,0.000,3.529,11.883,23.430,0,0.000,0.000,0.000,-3.457,11.953,24.387,0,0.000,0.000,0.000,12.129,27.832,1,1,0,0,0,1,0,237.038,350.320,-0.007,109.517,0.000,0.000,1702126569,0.050,19.838,1,ePd?
2014-Mar-28_10-10-35,10-10-35.2,11.958,9.998,0.000,0.001,0.000,0.000,0.000,0.000,0.000,0.000,3.583,11.777,25.727,0,0.000,0.000,0.000,-3.570,11.848,28.406,0,0.000,0.000,0.000,3.529,11.777,23.621,0,0.000,0.000,0.000,-3.457,11.988,24.387,0,0.000,0.000,0.000,12.164,28.023,1,1,0,0,0,1,0,517.838,350.088,0.008,109.631,0.000,0.000,1702126570,0.050,19.928,1,;S
2014-Mar-28_10-10-35,10-10-35.2,11.958,9.998,0.000,0.001,0.000,0.000,0.000,0.000,0.000,0.000,3.583,11.777,25.727,0,0.000,0.000,0.000,-3.570,11.848,28.406,0,0.000,0.000,0.000,3.529,11.777,23.621,0,0.000,0.000,0.000,-3.457,11.988,24.387,0,0.000,0.000,0.000,12.164,28.023,1,1,0,0,0,1,0,517.838,350.088,0.008,109.631,0.000,0.000,1702126570,0.050,19.928,1,}m??
2014-Mar-28_10-10-35,10-10-35.3,11.889,11.834,0.000,0.001,0.000,0.000,0.000,0.000,0.000,0.000,3.583,11.883,25.918,0,0.000,0.000,0.000,-3.570,11.777,28.598,0,0.000,0.000,0.000,3.529,11.883,23.813,0,0.000,0.000,0.000,-3.457,11.988,24.578,0,0.000,0.000,0.000,12.129,28.406,1,1,0,0,0,1,0,271.804,349.850,-0.007,109.517,0.000,0.000,1702126571,0.050,20.018,1,1?l?
2014-Mar-28_10-10-35,10-10-35.3,11.967,11.834,0.000,0.001,0.000,0.000,0.000,0.000,0.000,0.000,3.583,11.813,25.727,0,0.000,0.000,0.000,-3.570,11.813,28.789,0,0.000,0.000,0.000,3.529,11.813,23.430,0,0.000,0.000,0.000,-3.457,12.023,24.387,0,0.000,0.000,0.000,12.094,28.023,1,1,0,0,0,1,0,282.501,349.549,0.003,109.631,0.000,0.000,1702126572,0.050,20.107,1,5w(
2014-Mar-28_10-10-35,10-10-35.4,11.967,11.834,0.000,0.001,0.000,0.000,0.000,0.000,0.000,0.000,3.583,11.813,25.727,0,0.000,0.000,0.000,-3.570,11.813,28.789,0,0.000,0.000,0.000,3.529,11.813,23.430,0,0.000,0.000,0.000,-3.457,12.023,24.387,0,0.000,0.000,0.000,12.094,28.023,1,1,0,0,0,1,0,282.501,349.549,0.003,109.631,0.000,0.000,1702126572,0.050,20.107,1,???
2014-Mar-28_10-10-35,10-10-35.5,11.906,10.366,0.000,0.001,0.000,0.000,0.000,0.000,0.000,0.000,3.583,11.813,25.727,0,0.000,0.000,0.000,-3.570,11.777,28.598,0,0.000,0.000,0.000,3.529,11.883,23.813,0,0.000,0.000,0.000,-3.457,11.953,24.387,0,0.000,0.000,0.000,12.129,27.832,1,1,0,0,0,1,0,255.758,349.304,0.003,109.517,0.000,0.000,1702126573,0.050,20.196,1,R??
2014-Mar-28_10-10-35,10-10-35.5,11.950,12.936,0.000,0.001,0.000,0.000,0.000,0.000,0.000,0.000,3.583,11.777,25.535,0,0.000,0.000,0.000,-3.570,11.848,28.789,0,0.000,0.000,0.000,3.529,11.848,23.621,0,0.000,0.000,0.000,-3.457,12.023,24.387,0,0.000,0.000,0.000,12.059,28.023,1,1,0,0,0,1,0,258.433,349.085,-0.002,109.517,0.000,0.000,1702126574,0.050,20.286,1,:-??
2014-Mar-28_10-10-35,10-10-35.6,11.950,12.936,0.000,0.001,0.000,0.000,0.000,0.000,0.000,0.000,3.583,11.777,25.535,0,0.000,0.000,0.000,-3.570,11.848,28.789,0,0.000,0.000,0.000,3.529,11.848,23.621,0,0.000,0.000,0.000,-3.457,12.023,24.387,0,0.000,0.000,0.000,12.059,28.023,1,1,0,0,0,1,0,258.433,349.085,-0.002,109.517,0.000,0.000,1702126574,0.050,20.286,1,p?K?
2014-Mar-28_10-10-35,10-10-35.7,11.932,10.366,0.000,0.001,0.000,0.000,0.000,0.000,0.000,0.000,3.583,11.813,25.535,0,0.000,0.000,0.000,-3.570,11.848,28.980,0,0.000,0.000,0.000,3.529,11.918,23.430,0,0.000,0.000,0.000,-3.457,11.988,24.195,0,0.000,0.000,0.000,12.164,28.406,1,1,0,0,0,1,1,258.433,348.704,-0.007,109.631,0.000,0.000,1702126575,0.050,20.376,1,?+?
2014-Mar-28_10-10-35,10-10-35.7,11.950,15.139,0.000,0.001,0.000,0.000,0.000,0.000,0.000,0.000,3.583,11.848,24.770,0,0.000,0.000,0.000,-3.570,11.848,28.598,0,0.000,0.000,0.000,3.529,11.883,23.621,0,0.000,0.000,0.000,-3.457,12.059,24.578,0,0.000,0.000,0.000,12.023,28.215,1,1,0,0,0,1,0,255.758,348.311,-0.002,109.517,0.000,0.000,1702126576,0.050,20.466,1,???
2014-Mar-28_10-10-35,10-10-35.8,11.967,9.631,0.000,0.001,0.000,0.000,0.000,0.000,0.000,0.000,3.583,11.883,25.727,0,0.000,0.000,0.000,-3.570,11.848,28.980,0,0.000,0.000,0.000,3.529,11.918,23.813,0,0.000,0.000,0.000,-3.457,12.023,24.961,0,0.000,0.000,0.000,12.164,27.641,1,1,0,0,0,1,1,204.947,348.042,0.008,109.517,0.000,0.000,1702126577,0.050,20.554,1,??h
2014-Mar-28_10-10-35,10-10-35.8,11.967,9.631,0.000,0.001,0.000,0.000,0.000,0.000,0.000,0.000,3.583,11.883,25.727,0,0.000,0.000,0.000,-3.570,11.848,28.980,0,0.000,0.000,0.000,3.529,11.918,23.813,0,0.000,0.000,0.000,-3.457,12.023,24.961,0,0.000,0.000,0.000,12.164,27.641,1,1,0,0,0,1,1,204.947,348.042,0.008,109.517,0.000,0.000,1702126577,0.050,20.554,1,n??X
2014-Mar-28_10-10-35,10-10-35.9,11.906,15.873,0.000,0.001,0.000,0.000,0.000,0.000,0.000,0.000,3.583,11.848,25.727,0,0.000,0.000,0.000,-3.570,11.883,28.406,0,0.000,0.000,0.000,3.529,11.883,23.430,0,0.000,0.000,0.000,-3.457,12.059,24.387,0,0.000,0.000,0.000,12.094,28.023,1,1,0,0,0,1,1,204.947,348.087,0.003,109.517,0.000,0.000,1702126578,0.050,20.643,1,?|??
2014-Mar-28_10-10-36,10-10-36.0,11.950,9.998,0.000,0.001,0.000,0.000,0.000,0.000,0.000,0.000,3.583,11.848,26.301,0,0.000,0.000,0.000,-3.570,11.848,29.555,0,0.000,0.000,0.000,3.529,11.883,24.004,0,0.000,0.000,0.000,-3.457,11.988,24.195,0,0.000,0.000,0.000,12.164,28.598,1,1,0,0,0,1,1,204.947,348.104,-0.007,109.517,0.000,0.000,1702126579,0.050,20.733,1,??9?
2014-Mar-28_10-10-36,10-10-36.0,11.950,9.998,0.000,0.001,0.000,0.000,0.000,0.000,0.000,0.000,3.583,11.848,26.301,0,0.000,0.000,0.000,-3.570,11.848,29.555,0,0.000,0.000,0.000,3.529,11.883,24.004,0,0.000,0.000,0.000,-3.457,11.988,24.195,0,0.000,0.000,0.000,12.164,28.598,1,1,0,0,0,1,1,204.947,348.104,-0.007,109.517,0.000,0.000,1702126579,0.050,20.733,1,	M6z
2014-Mar-28_10-10-36,10-10-36.1,12.226,1.187,0.000,0.001,0.000,0.000,0.000,0.000,0.000,0.000,3.583,12.129,25.727,0,0.000,0.000,0.000,-3.570,12.164,28.789,0,0.000,0.000,0.000,3.529,12.164,24.004,0,0.000,0.000,0.000,-3.457,12.305,24.195,0,0.000,0.000,0.000,12.445,27.641,1,1,0,0,0,1,1,223.667,347.883,0.003,109.631,0.000,0.000,1702126580,0.050,20.819,1,?Wx?
2014-Mar-28_10-10-36,10-10-36.2,12.261,1.921,0.000,0.001,0.000,0.000,0.000,0.000,0.000,0.000,3.583,12.164,24.961,0,0.000,0.000,0.000,-3.570,12.164,29.172,0,0.000,0.000,0.000,3.529,12.199,23.430,0,0.000,0.000,0.000,-3.457,12.305,24.387,0,0.000,0.000,0.000,12.445,28.215,1,1,0,0,0,1,1,204.947,347.878,-0.002,109.517,0.000,0.000,1702126581,0.050,20.909,1,?$
2014-Mar-28_10-10-36,10-10-36.2,12.261,1.921,0.000,0.001,0.000,0.000,0.000,0.000,0.000,0.000,3.583,12.164,24.961,0,0.000,0.000,0.000,-3.570,12.164,29.172,0,0.000,0.000,0.000,3.529,12.199,23.430,0,0.000,0.000,0.000,-3.457,12.305,24.387,0,0.000,0.000,0.000,12.445,28.215,1,1,0,0,0,1,1,204.947,347.878,-0.002,109.517,0.000,0.000,1702126581,0.050,20.909,1,?#??
2014-Mar-28_10-10-36,10-10-36.3,12.269,1.921,0.000,0.001,0.000,0.000,0.000,0.000,0.000,0.000,3.583,12.199,25.727,0,0.000,0.000,0.000,-3.570,12.164,29.172,0,0.000,0.000,0.000,3.529,12.234,23.621,0,0.000,0.000,0.000,-3.457,12.340,24.387,0,0.000,0.000,0.000,12.480,28.215,1,1,0,0,0,1,1,204.947,347.933,-0.002,109.517,0.000,0.000,1702126582,0.050,20.998,1,?3K
2014-Mar-28_10-10-36,10-10-36.3,12.261,2.656,0.000,0.001,0.000,0.000,0.000,0.000,0.000,0.000,3.583,12.199,25.535,0,0.000,0.000,0.000,-3.570,12.164,29.172,0,0.000,0.000,0.000,3.529,12.199,24.195,0,0.000,0.000,0.000,-3.457,12.340,24.004,0,0.000,0.000,0.000,12.445,28.023,1,1,0,0,0,1,1,204.947,347.508,-0.002,109.517,0.000,0.000,1702126583,0.050,21.087,1,??$
2014-Mar-28_10-10-36,10-10-36.4,12.269,2.288,0.000,0.001,0.000,0.000,0.000,0.000,0.000,0.000,3.583,12.164,25.152,0,0.000,0.000,0.000,-3.570,12.164,28.789,0,0.000,0.000,0.000,3.529,12.199,24.195,0,0.000,0.000,0.000,-3.457,12.340,24.195,0,0.000,0.000,0.000,12.445,28.023,1,1,0,0,0,1,1,710.387,347.223,-0.002,109.517,0.000,0.000,1702126584,0.050,21.176,1,Y?r
2014-Mar-28_10-10-36,10-10-36.5,12.269,2.288,0.000,0.001,0.000,0.000,0.000,0.000,0.000,0.000,3.583,12.164,25.152,0,0.000,0.000,0.000,-3.570,12.164,28.789,0,0.000,0.000,0.000,3.529,12.199,24.195,0,0.000,0.000,0.000,-3.457,12.340,24.195,0,0.000,0.000,0.000,12.445,28.023,1,1,0,0,0,1,1,710.387,347.223,-0.002,109.517,0.000,0.000,1702126584,0.050,21.176,1,?a$?
2014-Mar-28_10-10-36,10-10-36.5,12.269,2.288,0.000,0.001,0.000,0.000,0.000,0.000,0.000,0.000,3.583,12.199,25.344,0,0.000,0.000,0.000,-3.570,12.164,28.598,0,0.000,0.000,0.000,3.529,12.199,23.813,0,0.000,0.000,0.000,-3.457,12.340,24.195,0,0.000,0.000,0.000,12.480,28.215,1,1,0,0,0,1,1,247.735,347.206,0.003,109.631,0.000,0.000,1702126585,0.050,21.265,1,??`
2014-Mar-28_10-10-36,10-10-36.6,12.278,1.921,0.000,0.001,0.000,0.000,0.000,0.000,0.000,0.000,3.583,12.199,25.344,0,0.000,0.000,0.000,-3.570,12.164,28.789,0,0.000,0.000,0.000,3.529,12.234,24.195,0,0.000,0.000,0.000,-3.457,12.340,24.387,0,0.000,0.000,0.000,12.480,28.215,1,1,0,0,0,1,1,247.735,347.187,0.003,109.631,0.000,0.000,1702126586,0.050,21.353,1,?GO?
2014-Mar-28_10-10-36,10-10-36.7,12.278,1.921,0.000,0.001,0.000,0.000,0.000,0.000,0.000,0.000,3.583,12.199,25.344,0,0.000,0.000,0.000,-3.570,12.164,28.789,0,0.000,0.000,0.000,3.529,12.234,24.195,0,0.000,0.000,0.000,-3.457,12.340,24.387,0,0.000,0.000,0.000,12.480,28.215,1,1,0,0,0,1,1,247.735,347.187,0.003,109.631,0.000,0.000,1702126586,0.050,21.353,1,?%?
2014-Mar-28_10-10-36,10-10-36.7,12.278,2.656,0.000,0.001,0.000,0.000,0.000,0.000,0.000,0.000,3.583,12.199,25.535,0,0.000,0.000,0.000,-3.570,12.164,28.980,0,0.000,0.000,0.000,3.529,12.234,23.813,0,0.000,0.000,0.000,-3.457,12.340,24.578,0,0.000,0.000,0.000,12.480,28.215,1,1,0,0,0,1,1,253.084,347.187,0.008,109.746,0.000,0.000,1702126587,0.050,21.439,1,??O#
2014-Mar-28_10-10-36,10-10-36.8,12.286,1.554,0.000,0.001,0.000,0.000,0.000,0.000,0.000,0.000,3.583,12.199,25.535,0,0.000,0.000,0.000,-3.570,12.199,28.598,0,0.000,0.000,0.000,3.529,12.234,23.813,0,0.000,0.000,0.000,-3.457,12.340,24.387,0,0.000,0.000,0.000,12.480,28.023,1,1,0,0,0,1,1,1761.381,347.315,-0.002,109.631,0.000,0.000,1702126588,0.050,21.529,1,????
2014-Mar-28_10-10-37,10-10-37.0,12.295,2.288,0.000,0.001,0.000,0.000,0.000,0.000,0.000,0.000,3.583,12.199,25.535,0,0.000,0.000,0.000,-3.570,12.199,28.789,0,0.000,0.000,0.000,3.529,12.270,23.238,0,0.000,0.000,0.000,-3.457,12.375,24.387,0,0.000,0.000,0.000,12.516,28.598,1,1,0,0,0,1,1,1916.490,349.429,0.003,109.517,0.000,0.000,1702126591,0.050,21.797,1,???
2014-Mar-28_10-10-37,10-10-37.1,12.295,2.288,0.000,0.001,0.000,0.000,0.000,0.000,0.000,0.000,3.583,12.199,25.535,0,0.000,0.000,0.000,-3.570,12.199,28.789,0,0.000,0.000,0.000,3.529,12.270,23.238,0,0.000,0.000,0.000,-3.457,12.375,24.387,0,0.000,0.000,0.000,12.516,28.598,1,1,0,0,0,1,1,1916.490,349.429,0.003,109.517,0.000,0.000,1702126591,0.050,21.797,1,:???
2014-Mar-28_10-10-37,10-10-37.2,12.312,1.554,0.000,0.001,0.000,0.000,0.000,0.000,0.000,0.000,3.580,12.234,25.152,0,0.000,0.000,0.000,-3.570,12.234,28.789,0,0.000,0.000,0.000,3.529,12.270,23.813,0,0.000,0.000,0.000,-3.457,12.375,24.578,0,0.000,0.000,0.000,12.516,27.832,1,1,0,0,0,1,1,1921.839,350.611,0.008,109.631,0.000,0.000,1702126592,0.050,21.885,1,?`|?
2014-Mar-28_10-10-37,10-10-37.2,12.321,2.288,0.000,0.001,0.000,0.000,0.000,0.000,0.000,0.000,3.580,12.234,25.918,0,0.000,0.000,0.000,-3.570,12.234,29.172,0,0.000,0.000,0.000,3.529,12.270,23.430,0,0.000,0.000,0.000,-3.457,12.375,24.770,0,0.000,0.000,0.000,12.516,28.023,1,1,0,0,0,1,1,1919.164,352.242,-0.002,109.631,0.000,0.000,1702126593,0.050,21.974,1,?I?
2014-Mar-28_10-10-37,10-10-37.3,12.321,2.288,0.000,0.001,0.000,0.000,0.000,0.000,0.000,0.000,3.580,12.234,25.918,0,0.000,0.000,0.000,-3.570,12.234,29.172,0,0.000,0.000,0.000,3.529,12.270,23.430,0,0.000,0.000,0.000,-3.457,12.375,24.770,0,0.000,0.000,0.000,12.516,28.023,1,1,0,0,0,1,1,1919.164,352.242,-0.002,109.631,0.000,0.000,1702126593,0.050,21.974,1,m|?",
2014-Mar-28_10-10-37,10-10-37.3,12.321,1.187,0,0.001,0,0,0,0,0,0,3.583,12.234,25.344,0,0,0,0,-3.57,12.199,28.98,0,0,0,0,3.529,12.27,24.387,0,0,0,0,-3.457,12.375,24.77,0,0,0,0,12.516,28.023,1,1,0,0,0,1,1,1921.839,355.119,0.008,109.631,0,0,1702126594,0.05,22.059,1,???,
2014-Mar-28_10-10-37,10-10-37.4,12.321,1.554,0,0.001,0,0,0,0,0,0,3.583,12.234,25.535,0,0,0,0,-3.57,12.199,29.172,0,0,0,0,3.529,12.234,24.004,0,0,0,0,-3.457,12.375,24.387,0,0,0,0,12.516,28.023,1,1,0,0,0,1,1,1919.164,357.867,0.003,109.631,0,0,1702126595,0.05,22.148,1,?6V,
2014-Mar-28_10-10-37,10-10-37.5,12.33,1.187,0,0.001,0,0,0,0,0,0,3.583,12.234,25.918,0,0,0,0,-3.57,12.199,28.598,0,0,0,0,3.529,12.27,23.621,0,0,0,0,-3.457,12.41,24.578,0,0,0,0,12.516,28.406,1,1,0,0,0,1,1,1919.164,361.634,0.008,109.631,0,0,1702126596,0.05,22.237,1,@??,
2014-Mar-28_10-10-37,10-10-37.5,12.33,1.187,0,0.001,0,0,0,0,0,0,3.583,12.234,25.918,0,0,0,0,-3.57,12.199,28.598,0,0,0,0,3.529,12.27,23.621,0,0,0,0,-3.457,12.41,24.578,0,0,0,0,12.516,28.406,1,1,0,0,0,1,1,1919.164,361.634,0.008,109.631,0,0,1702126596,0.05,22.237,1,?enJ,
2014-Mar-28_10-10-37,10-10-37.6,12.33,1.921,0,0.001,0,0,0,0,0,0,3.583,12.234,25.535,0,0,0,0,-3.57,12.234,28.98,0,0,0,0,3.529,12.27,23.621,0,0,0,0,-3.457,12.375,24.195,0,0,0,0,12.516,28.023,1,1,0,0,0,1,1,1919.164,365.224,-0.002,109.517,0,0,1702126597,0.05,22.326,1,~,
2014-Mar-28_10-10-37,10-10-37.7,12.33,1.187,0,0.001,0,0,0,0,0,0,3.583,12.234,25.535,0,0,0,0,-3.57,12.234,28.598,0,0,0,0,3.529,12.27,23.813,0,0,0,0,-3.457,12.375,24.195,0,0,0,0,12.516,28.023,1,1,0,0,0,1,1,1919.164,369.643,0.008,109.517,0,0,1702126598,0.05,22.416,1,?b,
2014-Mar-28_10-10-37,10-10-37.8,12.321,2.288,0,0.001,0,0,0,0,0,0,3.583,12.234,25.727,0,0,0,0,-3.57,12.199,28.598,0,0,0,0,3.529,12.27,23.621,0,0,0,0,-3.457,12.375,24.387,0,0,0,0,12.516,28.215,1,1,0,0,0,1,1,1921.839,376.78,0.003,109.631,0,0,1702126600,0.05,22.593,1,a???,
2014-Mar-28_10-10-37,10-10-37.9,12.321,1.921,0,0.001,0,0,0,0,0,0,3.583,12.234,25.918,0,0,0,0,-3.57,12.234,28.98,0,0,0,0,3.529,12.27,24.004,0,0,0,0,-3.457,12.375,24.77,0,0,0,0,12.516,28.406,1,1,0,0,0,1,1,1919.164,381.822,0.003,109.631,0,0,1702126601,0.05,22.68,1,??BJ,
2014-Mar-28_10-10-38,10-10-38.0,12.321,1.921,0,0.001,0,0,0,0,0,0,3.583,12.234,25.918,0,0,0,0,-3.57,12.234,28.98,0,0,0,0,3.529,12.27,24.004,0,0,0,0,-3.457,12.375,24.77,0,0,0,0,12.516,28.406,1,1,0,0,0,1,1,1919.164,381.822,0.003,109.631,0,0,1702126601,0.05,22.68,1,??ff,
2014-Mar-28_10-10-38,10-10-38.0,12.321,1.921,0,0.001,0,0,0,0,0,0,3.583,12.234,26.109,0,0,0,0,-3.57,12.234,28.789,0,0,0,0,3.529,12.27,23.813,0,0,0,0,-3.457,12.375,24.578,0,0,0,0,12.516,28.406,1,1,0,0,0,1,1,1919.164,385.691,-0.002,109.631,0,0,1702126602,0.05,22.769,1,~?^,
2014-Mar-28_10-10-38,10-10-38.1,12.321,1.921,0,0.001,0,0,0,0,0,0,3.583,12.27,25.918,0,0,0,0,-3.57,12.199,29.172,0,0,0,0,3.529,12.234,24.195,0,0,0,0,-3.457,12.375,24.195,0,0,0,0,12.516,28.215,1,1,0,0,0,1,1,1921.839,390.995,-0.002,109.403,0,0,1702126603,0.05,22.859,1,?I?p,
2014-Mar-28_10-10-38,10-10-38.2,12.321,1.921,0,0.001,0,0,0,0,0,0,3.583,12.27,25.918,0,0,0,0,-3.57,12.199,29.172,0,0,0,0,3.529,12.234,24.195,0,0,0,0,-3.457,12.375,24.195,0,0,0,0,12.516,28.215,1,1,0,0,0,1,1,1921.839,390.995,-0.002,109.403,0,0,1702126603,0.05,22.859,1,???],
2014-Mar-28_10-10-38,10-10-38.2,12.321,1.921,0,0.001,0,0,0,0,0,0,3.583,12.234,25.535,0,0,0,0,-3.57,12.199,29.172,0,0,0,0,3.529,12.305,23.621,0,0,0,0,-3.457,12.41,24.387,0,0,0,0,12.516,28.215,1,1,0,0,0,1,1,1916.49,395.463,-0.002,109.517,0,0,1702126604,0.05,22.947,1,???,
2014-Mar-28_10-10-38,10-10-38.3,12.33,2.288,0,0.001,0,0,0,0,0,0,3.583,12.234,25.535,0,0,0,0,-3.57,12.199,28.98,0,0,0,0,3.529,12.27,23.813,0,0,0,0,-3.457,12.375,24.387,0,0,0,0,12.516,28.023,1,1,0,0,0,1,1,1921.839,401.446,0.003,109.517,0,0,1702126605,0.05,23.036,1,L??u,
2014-Mar-28_10-10-38,10-10-38.3,12.33,2.288,0,0.001,0,0,0,0,0,0,3.583,12.234,25.535,0,0,0,0,-3.57,12.199,28.98,0,0,0,0,3.529,12.27,23.813,0,0,0,0,-3.457,12.375,24.387,0,0,0,0,12.516,28.023,1,1,0,0,0,1,1,1921.839,401.446,0.003,109.517,0,0,1702126605,0.05,23.036,1,v?$,
2014-Mar-28_10-10-38,10-10-38.4,12.33,2.288,0,0.001,0,0,0,0,0,0,3.583,12.234,25.918,0,0,0,0,-3.57,12.199,28.789,0,0,0,0,3.529,12.27,23.238,0,0,0,0,-3.457,12.375,24.578,0,0,0,0,12.516,27.832,1,1,0,0,0,1,1,1921.839,406.798,0.003,109.631,0,0,1702126606,0.05,23.126,1,?q/?,
2014-Mar-28_10-10-38,10-10-38.5,12.33,2.288,0,0.001,0,0,0,0,0,0,3.58,12.234,25.152,0,0,0,0,-3.57,12.199,28.98,0,0,0,0,3.529,12.27,23.813,0,0,0,0,-3.457,12.375,24.77,0,0,0,0,12.516,27.641,1,1,0,0,0,1,1,1919.164,413.823,0.003,109.631,0,0,1702126607,0.05,23.214,1,3??\,
2014-Mar-28_10-10-38,10-10-38.5,12.33,2.288,0,0.001,0,0,0,0,0,0,3.58,12.234,25.152,0,0,0,0,-3.57,12.199,28.98,0,0,0,0,3.529,12.27,23.813,0,0,0,0,-3.457,12.375,24.77,0,0,0,0,12.516,27.641,1,1,0,0,0,1,1,1919.164,413.823,0.003,109.631,0,0,1702126607,0.05,23.214,1,????,
2014-Mar-28_10-10-38,10-10-38.6,12.33,1.921,0,0.001,0,0,0,0,0,0,3.583,12.234,25.535,0,0,0,0,-3.57,12.234,28.98,0,0,0,0,3.529,12.27,23.621,0,0,0,0,-3.457,12.41,24.578,0,0,0,0,12.516,28.215,1,1,0,0,0,1,1,1919.164,419.251,-0.002,109.517,0,0,1702126608,0.05,23.303,1,??]?,
2014-Mar-28_10-10-38,10-10-38.7,12.347,1.921,0,0.001,0,0,0,0,0,0,3.583,12.27,25.535,0,0,0,0,-3.57,12.234,29.172,0,0,0,0,3.529,12.27,23.621,0,0,0,0,-3.457,12.41,24.004,0,0,0,0,12.551,27.832,1,1,0,0,0,1,1,1919.164,426.512,0.003,109.403,0,0,1702126609,0.05,23.393,1, ???,
2014-Mar-28_10-10-38,10-10-38.7,12.347,1.921,0,0.001,0,0,0,0,0,0,3.583,12.27,25.535,0,0,0,0,-3.57,12.234,29.172,0,0,0,0,3.529,12.27,23.621,0,0,0,0,-3.457,12.41,24.004,0,0,0,0,12.551,27.832,1,1,0,0,0,1,1,1919.164,426.512,0.003,109.403,0,0,1702126609,0.05,23.393,1,????,
2014-Mar-28_10-10-38,10-10-38.8,12.347,1.187,0,0.001,0,0,0,0,0,0,3.583,12.27,25.535,0,0,0,0,-3.57,12.234,29.172,0,0,0,0,3.529,12.305,23.43,0,0,0,0,-3.457,12.41,24.578,0,0,0,0,12.551,28.406,1,1,0,0,0,1,1,1919.164,432.914,0.003,109.517,0,0,1702126610,0.05,23.484,1,??o1,
2014-Mar-28_10-10-38,10-10-38.8,12.356,1.554,0,0.001,0,0,0,0,0,0,3.583,12.27,25.727,0,0,0,0,-3.57,12.234,28.598,0,0,0,0,3.529,12.305,23.813,0,0,0,0,-3.457,12.41,24.004,0,0,0,0,12.551,28.023,1,1,0,0,0,1,1,1916.49,440.564,0.003,109.746,0,0,1702126611,0.05,23.576,1,?T?,
2014-Mar-28_10-10-38,10-10-38.9,12.356,1.554,0,0.001,0,0,0,0,0,0,3.583,12.27,25.727,0,0,0,0,-3.57,12.234,28.598,0,0,0,0,3.529,12.305,23.813,0,0,0,0,-3.457,12.41,24.004,0,0,0,0,12.551,28.023,1,1,0,0,0,1,1,1916.49,440.564,0.003,109.746,0,0,1702126611,0.05,23.576,1,r[?B,
2014-Mar-28_10-10-39,10-10-39.0,12.356,1.921,0,0.001,0,0,0,0,0,0,3.583,12.27,25.727,0,0,0,0,-3.57,12.234,28.98,0,0,0,0,3.529,12.305,24.004,0,0,0,0,-3.457,12.41,24.004,0,0,0,0,12.551,28.406,1,1,0,0,0,1,1,1921.839,448.372,0.003,109.631,0,0,1702126612,0.05,23.667,1,a?d,
2014-Mar-28_10-10-39,10-10-39.0,12.356,1.187,0,0.001,0,0,0,0,0,0,3.583,12.27,25.727,0,0,0,0,-3.57,12.234,29.172,0,0,0,0,3.529,12.27,24.004,0,0,0,0,-3.457,12.41,24.195,0,0,0,0,12.516,28.215,1,1,0,0,0,1,1,1916.49,455.047,-0.002,109.631,0,0,1702126613,0.05,23.757,1,?P??,
2014-Mar-28_10-10-39,10-10-39.1,12.356,1.187,0,0.001,0,0,0,0,0,0,3.58,12.305,25.918,0,0,0,0,-3.57,12.27,28.98,0,0,0,0,3.529,12.305,24.004,0,0,0,0,-3.457,12.41,24.77,0,0,0,0,12.551,27.641,1,1,0,0,0,1,1,1916.49,461.205,0.008,109.631,0,0,1702126614,0.05,23.845,1,?g??,
2014-Mar-28_10-10-39,10-10-39.2,12.356,1.187,0,0.001,0,0,0,0,0,0,3.58,12.305,25.918,0,0,0,0,-3.57,12.27,28.98,0,0,0,0,3.529,12.305,24.004,0,0,0,0,-3.457,12.41,24.77,0,0,0,0,12.551,27.641,1,1,0,0,0,1,1,1916.49,461.205,0.008,109.631,0,0,1702126614,0.05,23.845,1,??_g,
2014-Mar-28_10-10-39,10-10-39.2,12.364,2.288,0,0.001,0,0,0,0,0,0,3.583,12.27,25.727,0,0,0,0,-3.57,12.27,29.363,0,0,0,0,3.529,12.305,24.195,0,0,0,0,-3.457,12.41,24.578,0,0,0,0,12.551,28.215,1,1,0,0,0,1,1,1921.839,468.925,0.003,109.631,0,0,1702126615,0.05,23.934,1,r??U,
2014-Mar-28_10-10-39,10-10-39.3,12.364,2.288,0,0.001,0,0,0,0,0,0,3.58,12.27,25.344,0,0,0,0,-3.57,12.234,28.598,0,0,0,0,3.529,12.305,23.813,0,0,0,0,-3.457,12.41,24.961,0,0,0,0,12.551,28.215,1,1,0,0,0,1,1,1919.164,475.777,-0.002,109.517,0,0,1702126616,0.05,24.019,1,"?	??",
2014-Mar-28_10-10-39,10-10-39.3,12.347,2.288,0,0.001,0,0,0,0,0,0,3.583,12.27,25.535,0,0,0,0,-3.57,12.234,29.172,0,0,0,0,3.529,12.305,23.621,0,0,0,0,-3.457,12.41,24.004,0,0,0,0,12.516,28.406,1,1,0,0,0,1,1,1919.164,483.768,-0.002,109.517,0,0,1702126617,0.05,24.109,1,H??,
2014-Mar-28_10-10-39,10-10-39.4,12.347,2.288,0,0.001,0,0,0,0,0,0,3.583,12.27,25.535,0,0,0,0,-3.57,12.234,29.172,0,0,0,0,3.529,12.305,23.621,0,0,0,0,-3.457,12.41,24.004,0,0,0,0,12.516,28.406,1,1,0,0,0,1,1,1919.164,483.768,-0.002,109.517,0,0,1702126617,0.05,24.109,1,??J?,
2014-Mar-28_10-10-39,10-10-39.5,12.347,2.288,0,0.001,0,0,0,0,0,0,3.583,12.27,26.109,0,0,0,0,-3.57,12.234,29.172,0,0,0,0,3.529,12.27,23.621,0,0,0,0,-3.457,12.41,24.387,0,0,0,0,12.516,28.023,1,1,0,0,0,1,1,1919.164,490.047,-0.002,109.631,0,0,1702126618,0.05,24.198,1,#NAME?,
2014-Mar-28_10-10-39,10-10-39.7,12.347,1.554,0,0.001,0,0,0,0,0,0,3.583,12.27,26.109,0,0,0,0,-3.57,12.234,29.172,0,0,0,0,3.529,12.27,23.621,0,0,0,0,-3.457,12.41,24.578,0,0,0,0,12.551,27.832,1,1,0,0,0,1,1,1921.839,511.261,-0.002,109.631,0,0,1702126621,0.05,24.465,1,?)?,
2014-Mar-28_10-10-39,10-10-39.8,12.347,2.288,0,0.001,0,0,0,0,0,0,3.583,12.27,25.727,0,0,0,0,-3.57,12.234,28.98,0,0,0,0,3.529,12.305,23.43,0,0,0,0,-3.457,12.41,24.578,0,0,0,0,12.551,27.832,1,1,0,0,0,1,1,1919.164,517.299,-0.002,109.631,0,0,1702126622,0.05,24.553,1,?U?,
2014-Mar-28_10-10-39,10-10-39.8,12.347,2.288,0,0.001,0,0,0,0,0,0,3.583,12.27,25.727,0,0,0,0,-3.57,12.234,28.98,0,0,0,0,3.529,12.305,23.43,0,0,0,0,-3.457,12.41,24.578,0,0,0,0,12.551,27.832,1,1,0,0,0,1,1,1919.164,517.299,-0.002,109.631,0,0,1702126622,0.05,24.553,1,?Hr,
2014-Mar-28_10-10-39,10-10-39.9,12.347,2.288,0,0.001,0,0,0,0,0,0,3.583,12.27,25.344,0,0,0,0,-3.57,12.234,28.789,0,0,0,0,3.529,12.27,23.813,0,0,0,0,-3.457,12.41,24.387,0,0,0,0,12.551,27.832,1,1,0,0,0,1,1,1919.164,523.245,0.008,109.631,0,0,1702126623,0.05,24.638,1,?`3y,
2014-Mar-28_10-10-40,10-10-40.0,12.347,1.921,0,0.001,0,0,0,0,0,0,3.583,12.27,25.152,0,0,0,0,-3.57,12.234,28.98,0,0,0,0,3.529,12.305,23.813,0,0,0,0,-3.457,12.41,24.578,0,0,0,0,12.551,27.641,1,1,0,0,0,1,1,1919.164,530.393,-0.002,109.631,0,0,1702126624,0.05,24.727,1,???,
2014-Mar-28_10-10-40,10-10-40.0,12.347,1.921,0,0.001,0,0,0,0,0,0,3.583,12.27,25.152,0,0,0,0,-3.57,12.234,28.98,0,0,0,0,3.529,12.305,23.813,0,0,0,0,-3.457,12.41,24.578,0,0,0,0,12.551,27.641,1,1,0,0,0,1,1,1919.164,530.393,-0.002,109.631,0,0,1702126624,0.05,24.727,1,+???,
2014-Mar-28_10-10-40,10-10-40.1,12.347,1.554,0,0.001,0,0,0,0,0,0,3.583,12.27,25.535,0,0,0,0,-3.57,12.234,28.598,0,0,0,0,3.529,12.305,23.621,0,0,0,0,-3.457,12.41,24.578,0,0,0,0,12.551,27.832,1,1,0,0,0,1,1,1916.49,536.446,-0.002,109.517,0,0,1702126625,0.05,24.817,1,x??\,
2014-Mar-28_10-10-40,10-10-40.2,12.364,1.921,0,0.001,0,0,0,0,0,0,3.583,12.305,25.727,0,0,0,0,-3.57,12.234,29.172,0,0,0,0,3.529,12.305,23.813,0,0,0,0,-3.457,12.41,24.004,0,0,0,0,12.551,27.832,1,1,0,0,0,1,1,1919.164,543.8,0.008,109.517,0,0,1702126626,0.05,24.905,1,a?,
2014-Mar-28_10-10-40,10-10-40.2,12.364,1.921,0,0.001,0,0,0,0,0,0,3.583,12.305,25.727,0,0,0,0,-3.57,12.234,29.172,0,0,0,0,3.529,12.305,23.813,0,0,0,0,-3.457,12.41,24.004,0,0,0,0,12.551,27.832,1,1,0,0,0,1,1,1919.164,543.8,0.008,109.517,0,0,1702126626,0.05,24.905,1,.?l6,
2014-Mar-28_10-10-40,10-10-40.3,12.373,1.921,0,0.001,0,0,0,0,0,0,3.583,12.27,24.961,0,0,0,0,-3.57,12.27,28.598,0,0,0,0,3.529,12.305,23.621,0,0,0,0,-3.457,12.445,24.387,0,0,0,0,12.551,28.023,1,1,0,0,0,1,1,1919.164,549.251,-0.002,109.517,0,0,1702126627,0.05,24.997,1,'4?,
2014-Mar-28_10-10-40,10-10-40.3,12.373,1.554,0,0.001,0,0,0,0,0,0,3.58,12.27,25.727,0,0,0,0,-3.57,12.234,28.98,0,0,0,0,3.529,12.305,23.621,0,0,0,0,-3.457,12.445,24.195,0,0,0,0,12.586,28.406,1,1,0,0,0,1,1,234.364,556.259,-0.002,109.631,0,0,1702126628,0.05,25.086,1,t@2?,
2014-Mar-28_10-10-40,10-10-40.4,12.381,1.554,0,0.001,0,0,0,0,0,0,3.583,12.27,25.918,0,0,0,0,-3.57,12.27,28.789,0,0,0,0,3.529,12.305,23.43,0,0,0,0,-3.457,12.445,24.387,0,0,0,0,12.551,28.598,1,1,0,0,0,1,1,215.644,561.534,-0.002,109.517,0,0,1702126629,0.05,25.175,1,F?w?,
2014-Mar-28_10-10-40,10-10-40.5,12.381,1.554,0,0.001,0,0,0,0,0,0,3.583,12.27,25.918,0,0,0,0,-3.57,12.27,28.789,0,0,0,0,3.529,12.305,23.43,0,0,0,0,-3.457,12.445,24.387,0,0,0,0,12.551,28.598,1,1,0,0,0,1,1,215.644,561.534,-0.002,109.517,0,0,1702126629,0.05,25.175,1,?y,
2014-Mar-28_10-10-40,10-10-40.5,12.373,1.921,0,0.001,0,0,0,0,0,0,3.583,12.305,25.152,0,0,0,0,-3.57,12.27,28.98,0,0,0,0,3.529,12.305,23.813,0,0,0,0,-3.457,12.445,24.195,0,0,0,0,12.586,28.406,1,1,0,0,0,1,1,226.341,567.074,0.003,109.631,0,0,1702126630,0.05,25.265,1,?v?,
2014-Mar-28_10-10-40,10-10-40.6,12.373,1.554,0,0.001,0,0,0,0,0,0,3.583,12.305,25.344,0,0,0,0,-3.57,12.27,28.98,0,0,0,0,3.529,12.305,23.813,0,0,0,0,-3.457,12.41,24.004,0,0,0,0,12.551,28.215,1,1,0,0,0,1,1,199.598,570.882,-0.002,109.517,0,0,1702126631,0.05,25.353,1,??C?,
2014-Mar-28_10-10-40,10-10-40.7,12.373,1.554,0,0.001,0,0,0,0,0,0,3.583,12.305,25.344,0,0,0,0,-3.57,12.27,28.98,0,0,0,0,3.529,12.305,23.813,0,0,0,0,-3.457,12.41,24.004,0,0,0,0,12.551,28.215,1,1,0,0,0,1,1,199.598,570.882,-0.002,109.517,0,0,1702126631,0.05,25.353,1,!?,
2014-Mar-28_10-10-40,10-10-40.7,12.373,1.554,0,0.001,0,0,0,0,0,0,3.583,12.27,25.727,0,0,0,0,-3.57,12.27,28.598,0,0,0,0,3.529,12.305,23.813,0,0,0,0,-3.457,12.445,24.004,0,0,0,0,12.551,28.406,1,1,0,0,0,1,1,226.341,575.015,-0.002,109.517,0,0,1702126632,0.05,25.439,1,?j??,
2014-Mar-28_10-10-40,10-10-40.8,12.381,1.554,0,0.001,0,0,0,0,0,0,3.583,12.305,25.918,0,0,0,0,-3.57,12.27,28.789,0,0,0,0,3.529,12.305,23.813,0,0,0,0,-3.457,12.41,24.77,0,0,0,0,12.586,28.023,1,1,0,0,0,1,1,223.667,578.106,-0.007,109.746,0,0,1702126633,0.05,25.527,1,N??b,
2014-Mar-28_10-10-40,10-10-40.8,12.364,1.921,0,0.001,0,0,0,0,0,0,3.583,12.27,25.344,0,0,0,0,-3.57,12.234,28.789,0,0,0,0,3.529,12.305,24.004,0,0,0,0,-3.457,12.41,24.77,0,0,0,0,12.551,27.832,1,1,0,0,0,1,1,220.993,581.526,-0.002,109.517,0,0,1702126634,0.05,25.617,1,`??,
2014-Mar-28_10-10-40,10-10-40.9,12.364,1.921,0,0.001,0,0,0,0,0,0,3.583,12.27,25.344,0,0,0,0,-3.57,12.234,28.789,0,0,0,0,3.529,12.305,24.004,0,0,0,0,-3.457,12.41,24.77,0,0,0,0,12.551,27.832,1,1,0,0,0,1,1,220.993,581.526,-0.002,109.517,0,0,1702126634,0.05,25.617,1, ??M,
2014-Mar-28_10-10-41,10-10-41.0,12.364,1.921,0,0.001,0,0,0,0,0,0,3.583,12.27,25.152,0,0,0,0,-3.57,12.27,28.789,0,0,0,0,3.529,12.305,24.004,0,0,0,0,-3.457,12.41,24.578,0,0,0,0,12.551,28.215,1,1,0,0,0,1,1,229.015,583.904,-0.002,109.631,0,0,1702126635,0.05,25.707,1,?Z??,
2014-Mar-28_10-10-41,10-10-41.0,12.364,2.656,0,0.001,0,0,0,0,0,0,3.58,12.27,25.535,0,0,0,0,-3.57,12.234,28.98,0,0,0,0,3.529,12.305,24.004,0,0,0,0,-3.457,12.41,24.961,0,0,0,0,12.551,27.641,1,1,0,0,0,1,1,226.341,585.651,-0.002,109.631,0,0,1702126636,0.05,25.796,1,???I,
2014-Mar-28_10-10-41,10-10-41.1,12.364,2.656,0,0.001,0,0,0,0,0,0,3.58,12.27,25.535,0,0,0,0,-3.57,12.234,28.98,0,0,0,0,3.529,12.305,24.004,0,0,0,0,-3.457,12.41,24.961,0,0,0,0,12.551,27.641,1,1,0,0,0,1,1,226.341,585.651,-0.002,109.631,0,0,1702126636,0.05,25.796,1,X??,
2014-Mar-28_10-10-41,10-10-41.2,12.356,1.921,0,0.001,0,0,0,0,0,0,3.58,12.27,25.344,0,0,0,0,-3.57,12.234,28.98,0,0,0,0,3.529,12.305,23.43,0,0,0,0,-3.457,12.41,24.77,0,0,0,0,12.551,28.023,1,1,0,0,0,1,1,226.341,586.782,-0.002,109.631,0,0,1702126637,0.05,25.884,1,"?c	",
2014-Mar-28_10-10-41,10-10-41.4,12.364,2.288,0,0.001,0,0,0,0,0,0,3.58,12.27,25.727,0,0,0,0,-3.57,12.234,28.789,0,0,0,0,3.529,12.305,23.813,0,0,0,0,-3.457,12.41,24.961,0,0,0,0,12.551,28.215,1,1,0,0,0,1,1,188.901,590.812,0.003,109.631,0,0,1702126640,0.05,26.151,1,pN&,
2014-Mar-28_10-10-41,10-10-41.5,12.364,1.921,0,0.001,0,0,0,0,0,0,3.583,12.27,25.535,0,0,0,0,-3.57,12.27,28.789,0,0,0,0,3.529,12.305,23.813,0,0,0,0,-3.457,12.41,24.961,0,0,0,0,12.551,27.641,1,1,0,0,0,1,1,191.575,592.301,0.008,109.631,0,0,1702126641,0.05,26.239,1,??L,
2014-Mar-28_10-10-41,10-10-41.5,12.364,1.921,0,0.001,0,0,0,0,0,0,3.583,12.27,25.535,0,0,0,0,-3.57,12.27,28.789,0,0,0,0,3.529,12.305,23.813,0,0,0,0,-3.457,12.41,24.961,0,0,0,0,12.551,27.641,1,1,0,0,0,1,1,191.575,592.301,0.008,109.631,0,0,1702126641,0.05,26.239,1,??h=,
2014-Mar-28_10-10-41,10-10-41.6,12.364,1.921,0,0.001,0,0,0,0,0,0,3.583,12.27,25.918,0,0,0,0,-3.57,12.27,28.789,0,0,0,0,3.529,12.305,24.004,0,0,0,0,-3.457,12.445,24.578,0,0,0,0,12.586,28.215,1,1,0,0,0,1,1,191.575,593.31,-0.002,109.403,0,0,1702126642,0.05,26.328,1,^M1?,
2014-Mar-28_10-10-41,10-10-41.7,12.381,1.554,0,0.001,0,0,0,0,0,0,3.583,12.27,25.918,0,0,0,0,-3.57,12.27,29.363,0,0,0,0,3.529,12.305,24.004,0,0,0,0,-3.457,12.41,24.77,0,0,0,0,12.586,28.406,1,1,0,0,0,1,1,191.575,594.596,-0.002,109.746,0,0,1702126643,0.05,26.416,1,/<4#,
2014-Mar-28_10-10-41,10-10-41.7,12.381,1.554,0,0.001,0,0,0,0,0,0,3.583,12.27,25.918,0,0,0,0,-3.57,12.27,29.363,0,0,0,0,3.529,12.305,24.004,0,0,0,0,-3.457,12.41,24.77,0,0,0,0,12.586,28.406,1,1,0,0,0,1,1,191.575,594.596,-0.002,109.746,0,0,1702126643,0.05,26.416,1,??,
2014-Mar-28_10-10-41,10-10-41.8,12.381,1.187,0,0.001,0,0,0,0,0,0,3.58,12.305,25.535,0,0,0,0,-3.57,12.27,29.172,0,0,0,0,3.529,12.34,24.195,0,0,0,0,-3.457,12.445,24.195,0,0,0,0,12.586,27.832,1,1,0,0,0,1,1,188.901,596.028,-0.002,109.517,0,0,1702126644,0.05,26.504,1,????,
2014-Mar-28_10-10-41,10-10-41.8,12.39,2.288,0,0.001,0,0,0,0,0,0,3.583,12.305,25.727,0,0,0,0,-3.57,12.27,29.363,0,0,0,0,3.529,12.34,23.813,0,0,0,0,-3.457,12.445,24.578,0,0,0,0,12.586,28.023,1,1,0,0,0,1,1,215.644,597.345,0.003,109.289,0,0,1702126645,0.05,26.592,1,;?Ra,
2014-Mar-28_10-10-41,10-10-41.9,12.39,1.921,0,0.001,0,0,0,0,0,0,3.583,12.305,25.918,0,0,0,0,-3.57,12.305,28.789,0,0,0,0,3.529,12.34,23.43,0,0,0,0,-3.457,12.445,24.387,0,0,0,0,12.586,27.832,1,1,0,0,0,1,1,229.015,598.518,0.003,109.517,0,0,1702126646,0.05,26.679,1,????,
2014-Mar-28_10-10-42,10-10-42.0,12.39,1.921,0,0.001,0,0,0,0,0,0,3.583,12.305,25.918,0,0,0,0,-3.57,12.305,28.789,0,0,0,0,3.529,12.34,23.43,0,0,0,0,-3.457,12.445,24.387,0,0,0,0,12.586,27.832,1,1,0,0,0,1,1,229.015,598.518,0.003,109.517,0,0,1702126646,0.05,26.679,1,"?4y""",
2014-Mar-28_10-10-42,10-10-42.0,12.39,2.288,0,0.001,0,0,0,0,0,0,3.583,12.305,25.152,0,0,0,0,-3.57,12.27,28.406,0,0,0,0,3.529,12.305,23.813,0,0,0,0,-3.457,12.445,24.387,0,0,0,0,12.586,27.449,1,1,0,0,0,1,1,229.015,600.109,0.003,109.631,0,0,1702126647,0.05,26.769,1,?y??,
2014-Mar-28_10-10-42,10-10-42.1,12.39,1.921,0,0.001,0,0,0,0,0,0,3.583,12.305,25.918,0,0,0,0,-3.57,12.27,28.789,0,0,0,0,3.529,12.34,23.621,0,0,0,0,-3.457,12.445,24.195,0,0,0,0,12.586,27.832,1,1,0,0,0,1,1,242.387,601.298,0.008,109.517,0,0,1702126648,0.05,26.857,1,??_?,
2014-Mar-28_10-10-42,10-10-42.2,12.39,1.921,0,0.001,0,0,0,0,0,0,3.583,12.305,25.918,0,0,0,0,-3.57,12.27,28.789,0,0,0,0,3.529,12.34,23.621,0,0,0,0,-3.457,12.445,24.195,0,0,0,0,12.586,27.832,1,1,0,0,0,1,1,242.387,601.298,0.008,109.517,0,0,1702126648,0.05,26.857,1,0U,
2014-Mar-28_10-10-42,10-10-42.2,12.39,1.554,0,0.001,0,0,0,0,0,0,3.583,12.305,25.727,0,0,0,0,-3.57,12.305,28.598,0,0,0,0,3.529,12.34,24.004,0,0,0,0,-3.457,12.445,24.578,0,0,0,0,12.586,28.023,1,1,0,0,0,1,1,234.364,602.591,0.008,109.631,0,0,1702126649,0.05,26.947,1,9[?,
2014-Mar-28_10-10-42,10-10-42.3,12.39,1.187,0,0.001,0,0,0,0,0,0,3.583,12.305,25.344,0,0,0,0,-3.57,12.27,29.363,0,0,0,0,3.529,12.34,24.004,0,0,0,0,-3.457,12.445,24.77,0,0,0,0,12.586,27.641,1,1,0,0,0,1,1,239.713,603.328,0.008,109.403,0,0,1702126650,0.05,27.037,1,U?^,
2014-Mar-28_10-10-42,10-10-42.3,12.39,1.187,0,0.001,0,0,0,0,0,0,3.583,12.305,25.344,0,0,0,0,-3.57,12.27,29.363,0,0,0,0,3.529,12.34,24.004,0,0,0,0,-3.457,12.445,24.77,0,0,0,0,12.586,27.641,1,1,0,0,0,1,1,239.713,603.328,0.008,109.403,0,0,1702126650,0.05,27.037,1,??j?,
2014-Mar-28_10-10-42,10-10-42.4,12.373,2.288,0,0.001,0,0,0,0,0,0,3.58,12.27,26.109,0,0,0,0,-3.57,12.27,29.363,0,0,0,0,3.529,12.305,24.004,0,0,0,0,-3.457,12.445,24.195,0,0,0,0,12.551,27.832,1,1,0,0,0,1,1,229.015,604.677,-0.002,109.631,0,0,1702126651,0.05,27.127,1,?)??,
2014-Mar-28_10-10-42,10-10-42.5,12.373,2.288,0,0.001,0,0,0,0,0,0,3.583,12.305,25.918,0,0,0,0,-3.57,12.27,29.172,0,0,0,0,3.529,12.34,23.813,0,0,0,0,-3.457,12.41,24.77,0,0,0,0,12.586,27.832,1,1,0,0,0,1,1,229.015,605.837,-0.002,109.517,0,0,1702126652,0.05,27.216,1,??R?,
2014-Mar-28_10-10-42,10-10-42.5,12.373,2.288,0,0.001,0,0,0,0,0,0,3.583,12.305,25.918,0,0,0,0,-3.57,12.27,29.172,0,0,0,0,3.529,12.34,23.813,0,0,0,0,-3.457,12.41,24.77,0,0,0,0,12.586,27.832,1,1,0,0,0,1,1,229.015,605.837,-0.002,109.517,0,0,1702126652,0.05,27.216,1,???,
2014-Mar-28_10-10-42,10-10-42.6,12.373,2.288,0,0.001,0,0,0,0,0,0,3.583,12.27,25.344,0,0,0,0,-3.57,12.27,28.98,0,0,0,0,3.529,12.305,23.813,0,0,0,0,-3.457,12.445,24.77,0,0,0,0,12.551,28.406,1,1,0,0,0,1,1,231.69,606.341,-0.002,109.631,0,0,1702126653,0.05,27.307,1,?H,
2014-Mar-28_10-10-42,10-10-42.7,12.373,1.921,0,0.001,0,0,0,0,0,0,3.583,12.27,25.344,0,0,0,0,-3.57,12.27,28.789,0,0,0,0,3.529,12.305,24.004,0,0,0,0,-3.457,12.41,24.578,0,0,0,0,12.551,27.641,1,1,0,0,0,1,1,223.667,606.169,-0.002,109.631,0,0,1702126654,0.05,27.396,1,%??l,
2014-Mar-28_10-10-42,10-10-42.7,12.373,1.921,0,0.001,0,0,0,0,0,0,3.583,12.27,25.344,0,0,0,0,-3.57,12.27,28.789,0,0,0,0,3.529,12.305,24.004,0,0,0,0,-3.457,12.41,24.578,0,0,0,0,12.551,27.641,1,1,0,0,0,1,1,223.667,606.169,-0.002,109.631,0,0,1702126654,0.05,27.396,1,UEf?,
2014-Mar-28_10-10-42,10-10-42.8,12.373,2.656,0,0.001,0,0,0,0,0,0,3.583,12.27,25.918,0,0,0,0,-3.57,12.27,28.98,0,0,0,0,3.529,12.305,23.813,0,0,0,0,-3.457,12.445,24.387,0,0,0,0,12.551,28.215,1,1,0,0,0,1,1,242.387,604.357,0.003,109.517,0,0,1702126655,0.05,27.484,1,?\N?,
2014-Mar-28_10-10-42,10-10-42.8,12.373,1.921,0,0.001,0,0,0,0,0,0,3.583,12.305,25.344,0,0,0,0,-3.57,12.27,29.172,0,0,0,0,3.529,12.305,24.195,0,0,0,0,-3.457,12.445,24.578,0,0,0,0,12.586,28.406,1,1,0,0,0,1,1,231.69,602.23,0.003,109.631,0,0,1702126656,0.05,27.575,1,"?'	?",
2014-Mar-28_10-10-43,10-10-43.1,12.373,2.656,0,0.001,0,0,0,0,0,0,3.583,12.305,26.109,0,0,0,0,-3.57,12.27,28.98,0,0,0,0,3.529,12.305,24.004,0,0,0,0,-3.457,12.445,24.387,0,0,0,0,12.586,28.406,1,1,0,0,0,1,1,229.015,595.924,0.003,109.517,0,0,1702126659,0.05,27.839,1,@???,
2014-Mar-28_10-10-43,10-10-43.2,12.373,2.656,0,0.001,0,0,0,0,0,0,3.583,12.305,26.109,0,0,0,0,-3.57,12.27,28.98,0,0,0,0,3.529,12.305,24.004,0,0,0,0,-3.457,12.445,24.387,0,0,0,0,12.586,28.406,1,1,0,0,0,1,1,229.015,595.924,0.003,109.517,0,0,1702126659,0.05,27.839,1,? ?Q,
2014-Mar-28_10-10-43,10-10-43.2,12.39,1.554,0,0.001,0,0,0,0,0,0,3.583,12.305,26.109,0,0,0,0,-3.57,12.27,28.98,0,0,0,0,3.529,12.34,23.621,0,0,0,0,-3.457,12.445,24.578,0,0,0,0,12.586,28.215,1,1,0,0,0,1,1,196.924,594.278,0.008,109.631,0,0,1702126660,0.05,27.928,1,??R,
2014-Mar-28_10-10-43,10-10-43.3,12.39,1.554,0,0.001,0,0,0,0,0,0,3.58,12.305,25.727,0,0,0,0,-3.57,12.27,28.98,0,0,0,0,3.529,12.34,24.004,0,0,0,0,-3.457,12.445,24.387,0,0,0,0,12.586,28.215,1,1,0,0,0,1,1,183.553,593.06,-0.002,109.289,0,0,1702126661,0.05,28.017,1,??,
2014-Mar-28_10-10-43,10-10-43.3,12.399,1.554,0,0.001,0,0,0,0,0,0,3.583,12.305,25.727,0,0,0,0,-3.57,12.305,28.789,0,0,0,0,3.529,12.34,23.43,0,0,0,0,-3.457,12.445,24.77,0,0,0,0,12.586,27.832,1,1,0,0,0,1,1,180.878,593.134,-0.007,109.631,0,0,1702126662,0.05,28.106,1,_]?,
2014-Mar-28_10-10-43,10-10-43.4,12.399,1.554,0,0.001,0,0,0,0,0,0,3.583,12.305,25.727,0,0,0,0,-3.57,12.305,28.789,0,0,0,0,3.529,12.34,23.43,0,0,0,0,-3.457,12.445,24.77,0,0,0,0,12.586,27.832,1,1,0,0,0,1,1,180.878,593.134,-0.007,109.631,0,0,1702126662,0.05,28.106,1,N%},
2014-Mar-28_10-10-43,10-10-43.5,12.399,1.921,0,0.001,0,0,0,0,0,0,3.583,12.305,25.535,0,0,0,0,-3.57,12.305,28.98,0,0,0,0,3.529,12.34,24.195,0,0,0,0,-3.457,12.445,24.387,0,0,0,0,12.586,27.449,1,1,0,0,0,1,1,180.878,593.735,0.003,109.403,0,0,1702126663,0.05,28.196,1,?p?,
2014-Mar-28_10-10-43,10-10-43.5,12.399,1.187,0,0.001,0,0,0,0,0,0,3.583,12.305,25.918,0,0,0,0,-3.57,12.305,28.98,0,0,0,0,3.529,12.34,24.004,0,0,0,0,-3.457,12.445,24.195,0,0,0,0,12.586,28.215,1,1,0,0,0,1,1,253.084,594.498,-0.002,109.631,0,0,1702126664,0.05,28.286,1,??,
2014-Mar-28_10-10-43,10-10-43.6,12.399,1.187,0,0.001,0,0,0,0,0,0,3.583,12.305,25.918,0,0,0,0,-3.57,12.305,28.98,0,0,0,0,3.529,12.34,24.004,0,0,0,0,-3.457,12.445,24.195,0,0,0,0,12.586,28.215,1,1,0,0,0,1,1,253.084,594.498,-0.002,109.631,0,0,1702126664,0.05,28.286,1,???,
2014-Mar-28_10-10-43,10-10-43.7,12.399,1.187,0,0.001,0,0,0,0,0,0,3.583,12.305,25.535,0,0,0,0,-3.57,12.27,28.98,0,0,0,0,3.529,12.34,23.813,0,0,0,0,-3.457,12.445,24.195,0,0,0,0,12.621,28.023,1,1,0,0,0,1,1,229.015,595.37,0.003,109.631,0,0,1702126665,0.05,28.375,1,?|i,
2014-Mar-28_10-10-43,10-10-43.7,12.399,1.921,0,0.001,0,0,0,0,0,0,3.58,12.305,25.727,0,0,0,0,-3.57,12.305,29.363,0,0,0,0,3.529,12.34,23.813,0,0,0,0,-3.457,12.445,24.195,0,0,0,0,12.586,27.449,1,1,0,0,0,1,1,255.758,596.392,-0.002,109.631,0,0,1702126666,0.05,28.464,1,????,
2014-Mar-28_10-10-43,10-10-43.8,12.399,1.921,0,0.001,0,0,0,0,0,0,3.583,12.305,25.535,0,0,0,0,-3.57,12.27,28.789,0,0,0,0,3.529,12.34,23.621,0,0,0,0,-3.457,12.48,24.387,0,0,0,0,12.586,28.023,1,1,0,0,0,1,1,247.735,597.504,0.003,109.517,0,0,1702126667,0.05,28.554,1,??T?,
2014-Mar-28_10-10-43,10-10-43.8,12.399,1.921,0,0.001,0,0,0,0,0,0,3.583,12.305,25.535,0,0,0,0,-3.57,12.27,28.789,0,0,0,0,3.529,12.34,23.621,0,0,0,0,-3.457,12.48,24.387,0,0,0,0,12.586,28.023,1,1,0,0,0,1,1,247.735,597.504,0.003,109.517,0,0,1702126667,0.05,28.554,1,???_,
2014-Mar-28_10-10-43,10-10-43.9,12.381,2.288,0,0.001,0,0,0,0,0,0,3.58,12.305,25.918,0,0,0,0,-3.57,12.27,29.172,0,0,0,0,3.529,12.305,24.004,0,0,0,0,-3.457,12.445,24.387,0,0,0,0,12.586,27.641,1,1,0,0,0,1,1,263.781,598.412,0.003,109.517,0,0,1702126668,0.05,28.644,1,??A,
2014-Mar-28_10-10-44,10-10-44.0,12.381,2.288,0,0.001,0,0,0,0,0,0,3.583,12.305,25.727,0,0,0,0,-3.57,12.27,28.598,0,0,0,0,3.529,12.34,23.621,0,0,0,0,-3.457,12.41,24.195,0,0,0,0,12.586,28.406,1,1,0,0,0,1,1,274.478,599.233,0.008,109.403,0,0,1702126669,0.05,28.733,1,d??,
2014-Mar-28_10-10-44,10-10-44.0,12.381,2.288,0,0.001,0,0,0,0,0,0,3.583,12.305,25.727,0,0,0,0,-3.57,12.27,28.598,0,0,0,0,3.529,12.34,23.621,0,0,0,0,-3.457,12.41,24.195,0,0,0,0,12.586,28.406,1,1,0,0,0,1,1,274.478,599.233,0.008,109.403,0,0,1702126669,0.05,28.733,1,J??8,
2014-Mar-28_10-10-44,10-10-44.1,12.381,1.921,0,0.001,0,0,0,0,0,0,3.58,12.305,25.535,0,0,0,0,-3.57,12.27,29.172,0,0,0,0,3.529,12.34,24.195,0,0,0,0,-3.457,12.445,24.578,0,0,0,0,12.586,28.406,1,1,0,0,0,1,1,242.387,599.78,0.003,109.517,0,0,1702126670,0.05,28.819,1,BM?,
2014-Mar-28_10-10-44,10-10-44.2,12.381,1.921,0,0.001,0,0,0,0,0,0,3.583,12.305,25.727,0,0,0,0,-3.57,12.27,28.98,0,0,0,0,3.529,12.305,23.238,0,0,0,0,-3.457,12.445,24.578,0,0,0,0,12.551,28.215,1,1,0,0,0,1,1,245.061,600.332,0.003,109.403,0,0,1702126671,0.05,28.909,1,???_,
2014-Mar-28_10-10-44,10-10-44.2,12.381,2.288,0,0.001,0,0,0,0,0,0,3.583,12.305,25.727,0,0,0,0,-3.57,12.27,29.172,0,0,0,0,3.529,12.305,23.621,0,0,0,0,-3.457,12.445,24.387,0,0,0,0,12.586,28.023,1,1,0,0,0,1,1,253.084,600.741,0.003,109.631,0,0,1702126672,0.05,28.998,1,??`V,
2014-Mar-28_10-10-44,10-10-44.3,12.381,2.288,0,0.001,0,0,0,0,0,0,3.583,12.305,25.727,0,0,0,0,-3.57,12.27,29.172,0,0,0,0,3.529,12.305,23.621,0,0,0,0,-3.457,12.445,24.387,0,0,0,0,12.586,28.023,1,1,0,0,0,1,1,253.084,600.741,0.003,109.631,0,0,1702126672,0.05,28.998,1,4?,
2014-Mar-28_10-10-44,10-10-44.3,12.381,1.921,0,0.001,0,0,0,0,0,0,3.58,12.27,25.918,0,0,0,0,-3.57,12.27,28.98,0,0,0,0,3.529,12.34,23.813,0,0,0,0,-3.457,12.445,24.387,0,0,0,0,12.586,27.641,1,1,0,0,0,1,1,261.107,601.398,-0.002,109.631,0,0,1702126673,0.05,29.087,1,??K?,
2014-Mar-28_10-10-44,10-10-44.4,12.381,1.921,0,0.001,0,0,0,0,0,0,3.583,12.305,25.727,0,0,0,0,-3.57,12.27,29.172,0,0,0,0,3.529,12.305,23.621,0,0,0,0,-3.457,12.445,24.578,0,0,0,0,12.586,27.641,1,1,0,0,0,1,1,250.41,602.582,0.003,109.517,0,0,1702126674,0.05,29.175,1,p?~,
2014-Mar-28_10-10-44,10-10-44.5,12.381,1.921,0,0.001,0,0,0,0,0,0,3.583,12.305,25.727,0,0,0,0,-3.57,12.27,29.172,0,0,0,0,3.529,12.305,23.621,0,0,0,0,-3.457,12.445,24.578,0,0,0,0,12.586,27.641,1,1,0,0,0,1,1,250.41,602.582,0.003,109.517,0,0,1702126674,0.05,29.175,1,??{?,
2014-Mar-28_10-10-44,10-10-44.5,12.381,1.921,0,0.001,0,0,0,0,0,0,3.583,12.305,25.918,0,0,0,0,-3.57,12.27,29.172,0,0,0,0,3.529,12.305,23.813,0,0,0,0,-3.457,12.445,24.387,0,0,0,0,12.551,28.023,1,1,0,0,0,1,1,263.781,602.818,0.003,109.517,0,0,1702126675,0.05,29.264,1,Q???,
2014-Mar-28_10-10-44,10-10-44.6,12.381,1.187,0,0.001,0,0,0,0,0,0,3.583,12.305,25.727,0,0,0,0,-3.57,12.305,28.789,0,0,0,0,3.529,12.34,23.621,0,0,0,0,-3.457,12.445,24.387,0,0,0,0,12.586,27.449,1,1,0,0,0,1,1,253.084,603.617,-0.002,109.517,0,0,1702126676,0.05,29.355,1,?n??,
2014-Mar-28_10-10-44,10-10-44.7,12.381,1.187,0,0.001,0,0,0,0,0,0,3.583,12.305,25.727,0,0,0,0,-3.57,12.305,28.789,0,0,0,0,3.529,12.34,23.621,0,0,0,0,-3.457,12.445,24.387,0,0,0,0,12.586,27.449,1,1,0,0,0,1,1,253.084,603.617,-0.002,109.517,0,0,1702126676,0.05,29.355,1,,
D??,,,,,,,,,,,,,,,,,,,,,,,,,,,,,,,,,,,,,,,,,,,,,,,,,,,,,,,,,,,,
2014-Mar-28_10-10-44,10-10-44.8,12.399,1.187,0,0.001,0,0,0,0,0,0,3.583,12.34,25.535,0,0,0,0,-3.57,12.305,28.98,0,0,0,0,3.529,12.34,24.004,0,0,0,0,-3.457,12.445,24.578,0,0,0,0,12.586,28.023,1,1,0,0,0,1,1,250.41,604.97,0.003,109.631,0,0,1702126678,0.05,29.534,1,2_,
